,Community Area,Hour,Covid Diff,Total Revenue,Tip per Trip
0,2,2,-168.9120229,296.4586941,0.495006531
1,3,2,-591.8054506,545.1473344,0.545326352
2,4,2,-321.6185445,244.2702461,0.609286204
3,5,2,-408.7284636,236.6313482,0.596932263
4,6,2,-2100.9061789999996,1381.437619,0.47767785700000004
5,7,2,-1649.9773368,939.0754112,0.402289529
6,8,2,-5893.64725,2560.034402,0.396080969
7,9,2,-40.27892907999998,75.65001902,0.623939096
8,10,2,-87.54604860000002,125.8269418,0.613324973
9,11,2,-74.2974897,120.9930622,0.605638354
10,12,2,-52.231271899999996,83.4211635,0.622221302
11,13,2,-64.32744139999998,103.6264053,0.601459183
12,14,2,-149.97588909999996,226.3571508,0.556078844
13,15,2,-149.32761740000004,240.89165219999998,0.555849619
14,16,2,-269.82274300000006,278.55136489999995,0.5530928070000001
15,17,2,-67.8606926,129.5152069,0.594658955
16,18,2,-31.096653840000016,86.14415686,0.604450735
17,19,2,-131.7691117,288.52998219999995,0.486067684
18,20,2,-60.1854972,122.06296329999999,0.57925917
19,21,2,-292.6946479,269.1489578,0.557740262
20,22,2,-1115.9643256999998,656.1407903,0.49931846
21,23,2,-112.67095109999997,355.6880634,0.44798849399999996
22,24,2,-1850.269579,1094.138556,0.40986039799999996
23,25,2,-14.825736199999938,702.2203031,0.30911307
24,26,2,-1.7572447999999952,190.75575080000002,0.5064119420000001
25,27,2,-44.74093350000001,217.38531119999996,0.49178869999999997
26,28,2,-2904.9557859999995,1437.28275,0.369781106
27,29,2,-47.38382519999999,359.7783736,0.40827801399999997
28,30,2,-122.85601469999997,248.91894,0.49959480799999995
29,31,2,-336.7325187,290.7105729,0.505713185
30,32,2,-3597.428583,1277.253719,0.47898455100000004
31,33,2,-808.1160978,354.5325522,0.526040445
32,34,2,-157.56808740000002,105.5319775,0.597624742
33,35,2,-128.16262419999998,237.3473067,0.49951566399999997
34,36,2,-29.752374709999984,94.51807789,0.589409736
35,37,2,-25.34501850000001,74.9073986,0.614508663
36,38,2,-89.55616469999998,254.4231475,0.482714882
37,39,2,-116.6067607,171.2156749,0.551026343
38,40,2,-26.87200390000001,168.20548119999998,0.5232147429999999
39,41,2,-485.27374029999993,347.7908815,0.51152872
40,42,2,-81.4114022,265.430518,0.48615728
41,43,2,-20.268139999999903,518.2979486,0.38288011299999997
42,44,2,-31.79471699999999,336.583167,0.429223421
43,45,2,-24.268573649999993,99.53013015,0.5842637079999999
44,46,2,-10.271329100000031,206.1303179,0.51693315
45,47,2,-19.24665924,71.13566217,0.6103329239999999
46,48,2,-30.35912260000002,104.1800927,0.586590384
47,49,2,-36.123247900000024,304.7785629,0.454356601
48,50,2,-20.730611300000007,104.1366352,0.5839794189999999
49,51,2,-23.04024340000001,119.655403,0.57048167
50,52,2,-26.587369449999997,72.24433054,0.619321519
51,53,2,-2.4343113999999844,197.4467467,0.515625876
52,54,2,-11.909118799999987,100.2941077,0.588341676
53,55,2,-22.479066499999988,73.06937489,0.621830663
54,56,2,-794.9100732,616.8688698,0.839623226
55,57,2,-52.22538119999999,96.9875083,0.594640858
56,58,2,-85.39847099999997,158.82192980000002,0.538775027
57,59,2,-57.514261800000014,104.57155209999999,0.584985372
58,60,2,-156.39692580000002,152.5018682,0.581636815
59,61,2,-72.70956449999997,214.27461180000003,0.503365199
60,62,2,-41.66686979000001,87.27750241,0.599143236
61,63,2,-54.733988099999976,135.82518100000001,0.5567531920000001
62,64,2,-45.07399703,93.04799267,0.615403179
63,65,2,-59.647898199999986,127.45915690000001,0.5746922179999999
64,66,2,-41.52879079999997,278.2035698,0.47585610100000003
65,67,2,-23.83582400000003,227.7384641,0.484803382
66,68,2,-16.336364800000013,258.1828371,0.465675956
67,69,2,-16.33441730000004,328.71484889999994,0.433685004
68,70,2,-59.7626037,155.8768534,0.553254634
69,71,2,-4.519710599999996,369.1315292,0.421308226
70,72,2,-45.127678180000004,98.10412602,0.59930884
71,73,2,-31.865990399999987,177.9651887,0.529562579
72,74,2,-32.55193949000001,76.86105371,0.6188520670000001
73,75,2,-27.68216860000001,139.2147362,0.566323001
74,76,2,-3352.063379,1761.17455,1.241114058
75,77,2,-401.5156819999999,413.75770730000005,0.5861328960000001
76,2,2,-93.87107959999994,232.4022171,0.524716494
77,3,2,-369.7660479000001,427.3561602,0.578056476
78,4,2,-205.25668479999996,191.4902409,0.645855156
79,5,2,-266.9624845999999,185.50189640000002,0.63275974
80,6,2,-1358.53798,1082.9473779999998,0.506347764
81,7,2,-1079.0280423,736.1673377000001,0.42643467799999996
82,8,2,-3920.0283039999995,2006.882182,0.419853485
83,9,2,-21.97410127,59.30415432,0.661387505
84,10,2,-50.9574289,98.6392399,0.65013633
85,11,2,-42.06917063,94.84982717,0.641988365
86,12,2,-29.710301849999993,65.39617065,0.65956661
87,13,2,-36.51750123000001,81.23562177,0.637558363
88,14,2,-86.40095310000001,177.44766719999998,0.589454326
89,15,2,-84.74264500000001,188.8416672,0.589211343
90,16,2,-166.1031471,218.36416359999998,0.586289069
91,17,2,-36.85047,101.5305735,0.6303499889999999
92,18,2,-14.667206919999998,67.53080089,0.640729466
93,19,2,-68.48671970000001,226.1866793,0.515241142
94,20,2,-32.08658229000001,95.68855241,0.614025919
95,21,2,-182.91747509999996,210.9933551,0.591215461
96,22,2,-728.0630642000001,514.3670178,0.529287221
97,23,2,-49.53463690000001,278.8337673,0.474876465
98,24,2,-1206.6108327000002,857.7256502999999,0.43445994600000004
99,25,2,47.76614390000003,550.4900297,0.32766583
100,26,2,14.567097699999977,149.5387395,0.53680645
101,27,2,-13.363380500000005,170.41439259999999,0.52130553
102,28,2,-1917.635115,1126.72593,0.391975122
103,29,2,-3.4227933000000235,282.0402753,0.43278258799999997
104,30,2,-65.51844690000004,195.1344814,0.529580155
105,31,2,-212.0067908000001,227.89610499999998,0.536065754
106,32,2,-2416.384808,1001.2747210000001,0.507732885
107,33,2,-537.2097532,277.9279299,0.5576130420000001
108,34,2,-101.73106955,82.72945285,0.633493781
109,35,2,-70.1973386,186.0631561,0.529496262
110,36,2,-13.031167729999993,74.09535053,0.624785715
111,37,2,-11.565382649999997,58.72199351,0.6513910629999999
112,38,2,-41.71590779999997,199.44938280000002,0.511687107
113,39,2,-67.57274629999998,134.2207304,0.584098577
114,40,2,-4.908659999999998,131.8609558,0.554617743
115,41,2,-311.4220377,272.6429467,0.542230333
116,42,2,-35.093909999999994,208.0783667,0.5153361160000001
117,43,2,28.717311199999983,406.3081798,0.40586032299999997
118,44,2,5.585679299999981,263.8569076,0.45498512399999996
119,45,2,-8.771335489999998,78.02443772,0.619330826
120,46,2,9.87121810000005,161.59129030000003,0.547959134
121,47,2,-7.602187640000004,55.765224399999994,0.646964699
122,48,2,-12.65631669999999,81.66967268,0.621797148
123,49,2,-0.0832482000000141,238.9243937,0.48162678200000003
124,50,2,-5.909327680000004,81.6356052,0.619029475
125,51,2,-6.243297380000001,93.80119892,0.6047216
126,52,2,-12.656965240000005,56.63434038,0.656492784
127,53,2,14.646576799999963,154.7839972,0.5465733970000001
128,54,2,-0.04279613999999299,78.62334096,0.623653551
129,55,2,-9.708284109999994,57.28111559,0.659152525
130,56,2,-506.2232748000001,483.5806669,0.890016852
131,57,2,-28.582556179999997,76.03120572,0.630330807
132,58,2,-46.71898450000003,124.50492879999999,0.571111945
133,59,2,-31.662472740000013,81.97654866,0.620095804
134,60,2,-97.01974030000001,119.5504567,0.616546269
135,61,2,-33.229940899999974,167.97582880000002,0.533576843
136,62,2,-21.984160239999994,68.419262,0.635103414
137,63,2,-27.124668299999996,106.47713780000001,0.590169147
138,64,2,-23.894977209999993,72.94290983,0.652339268
139,65,2,-31.262736309999994,99.91877869,0.609184862
140,66,2,-6.074137199999996,218.0915173,0.504416667
141,67,2,2.150763699999999,178.5305172,0.513900958
142,68,2,9.930182400000007,202.39670800000002,0.49362551600000004
143,69,2,15.773274399999991,257.68871409999997,0.459714489
144,70,2,-28.989496300000027,122.19620149999999,0.586460608
145,71,2,27.404074700000024,289.37247410000003,0.446594865
146,72,2,-23.513845280000012,76.90655342,0.635278957
147,73,2,-7.601628500000004,139.511862,0.561346572
148,74,2,-16.456375140000006,60.25351809,0.655995156
149,75,2,-7.87779239999999,109.13430430000001,0.60031333
150,76,2,-2204.278124,1380.633722,1.315604896
151,77,2,-247.2353026,324.3561765,0.6213122010000001
152,2,3,-55.6099466,190.77425209999998,0.542960177
153,3,3,-251.1362157000001,350.80797789999997,0.598154719
154,4,3,-142.41168290000005,157.19044319999998,0.6683106670000001
155,5,3,-189.40224469999995,152.274733,0.654759941
156,6,3,-954.7101046000002,888.9694714,0.523952792
157,7,3,-766.4339839,604.3047911,0.441261236
158,8,3,-2828.2780540000003,1647.408756,0.434451223
159,9,3,-12.695431529999993,48.68157381,0.684383055
160,10,3,-31.99648325999999,80.97094534,0.6727406909999999
161,11,3,-25.533633870000003,77.86029353,0.664309433
162,12,3,-18.136951429999996,53.68238608,0.68249885
163,13,3,-22.23621131,66.68466927,0.6597254060000001
164,14,3,-53.5812311,145.6631801,0.609948857
165,15,3,-51.58000379999996,155.01628290000002,0.609697425
166,16,3,-111.07851599999995,179.25069950000002,0.606673548
167,17,3,-21.15360401000001,83.34438229,0.652266407
168,18,3,-6.636892549999999,55.43466063,0.663006764
169,19,3,-36.84959709999998,185.6720436,0.533155381
170,20,3,-17.94018348,78.54878601,0.6353747710000001
171,21,3,-124.26030509999998,173.2001528,0.611771224
172,22,3,-515.9835381999999,422.23342080000003,0.547689823
173,23,3,-19.077345100000002,228.8889671,0.491387278
174,24,3,-854.7873169999998,704.0895370000001,0.44956553200000005
175,25,3,72.25579019999998,451.8860664,0.33905832799999996
176,26,3,20.829921,122.753309,0.555470485
177,27,3,1.1105318000000182,139.889708,0.539430619
178,28,3,-1374.0327592000003,924.9063937999999,0.40560356700000005
179,29,3,15.954634000000027,231.5211242,0.44782985399999997
180,30,3,-36.64926890000001,160.181926,0.547992942
181,31,3,-145.1159374,187.0752764,0.5547040360000001
182,32,3,-1758.9082172999997,821.9260487,0.525386072
183,33,3,-387.40313629999997,228.1453836,0.577000494
184,34,3,-71.38382727999998,67.91092482,0.655519504
185,35,3,-40.77880350000001,152.73545969999998,0.547906131
186,36,3,-4.969935640000003,60.82336587,0.646508671
187,37,3,-4.87358931,48.20368985,0.67403905
188,38,3,-18.391229100000004,163.7239408,0.529477777
189,39,3,-42.20460820000001,110.17906699999999,0.604406895
190,40,3,4.960853999999998,108.24197609999999,0.5739010529999999
191,41,3,-217.24768879999996,223.8070484,0.561082949
192,42,3,-12.823440600000026,170.8072982,0.533253657
193,43,3,48.39362589999996,333.5301189,0.419971538
194,44,3,21.562105599999995,216.5947676,0.47080434200000004
195,45,3,-1.4948668700000098,64.04867361,0.640864122
196,46,3,18.076093099999994,132.6470028,0.5670109320000001
197,47,3,-2.075152949999996,45.77653824,0.6694587879999999
198,48,3,-4.188985420000009,67.04097284,0.643416195
199,49,3,15.642345500000005,196.1281742,0.498372294
200,50,3,0.9037416099999973,67.01300753,0.6405522929999999
201,51,3,1.4512260899999916,76.99949593,0.6257469529999999
202,52,3,-5.835121920000006,46.48997787,0.679318152
203,53,3,21.2347259,127.0590345,0.565577016
204,54,3,5.1358283900000075,64.54030110000001,0.645337143
205,55,3,-3.5659206900000058,47.02090248,0.682070367
206,56,3,-350.4856345,396.9615316,0.920961536
207,57,3,-16.58626556,62.41247002,0.652246557
208,58,3,-27.095607499999986,102.2035632,0.590968736
209,59,3,-18.52124929,67.29288109,0.641655697
210,60,3,-65.40572869000002,98.13653781,0.63798275
211,61,3,-14.051929599999966,137.8879406,0.552128589
212,62,3,-12.10386442,56.16398027,0.657185101
213,63,3,-13.484044859999983,87.40491624,0.610688531
214,64,3,-13.249458710000006,59.87735075,0.675020223
215,65,3,-17.03999359000001,82.02129271,0.630365396
216,66,3,9.748938699999997,179.0268898,0.5219545529999999
217,67,3,13.359483300000022,146.5520696,0.5317685999999999
218,68,3,20.802881199999973,166.1433401,0.510788208
219,69,3,28.849780600000003,211.5314231,0.475698141
220,70,3,-13.859002699999976,100.3083759,0.606851051
221,71,3,39.71540849999997,237.53997709999996,0.462122365
222,72,3,-12.701106170000003,63.13102513,0.657366748
223,73,3,3.4301844999999958,114.5224493,0.580863834
224,74,3,-8.466334420000003,49.46088722,0.6788032209999999
225,75,3,1.2248331899999982,89.58613021,0.6211854139999999
226,76,3,-1573.800165,1133.334135,1.361346701
227,77,3,-165.37802440000007,266.2573867,0.642914387
228,2,4,-78.67655870000002,190.49096219999998,0.550964008
229,3,4,-307.31935539999995,350.2870461,0.606972179
230,4,4,-170.3495243,156.95702350000002,0.678162303
231,5,4,-221.2234782,152.0486128,0.664411824
232,6,4,-1126.5165414,887.6493975999999,0.531676433
233,7,4,-894.0845352999999,603.4074297000001,0.44776591299999996
234,8,4,-3244.5943150000003,1644.9624390000001,0.440855513
235,9,4,-18.443296500000002,48.60928419,0.694471616
236,10,4,-42.56289952999998,80.85070767,0.682657631
237,11,4,-35.21016249,77.74467501,0.674102086
238,12,4,-24.857852239999993,53.60267051,0.692559635
239,13,4,-30.55781169000001,66.58564598,0.669450485
240,14,4,-72.2218058,145.4468778,0.618940175
241,15,4,-70.91430060000002,154.7860917,0.618685037
242,16,4,-138.1916431,178.9845215,0.615616584
243,17,4,-30.940369320000002,83.22062018,0.661881532
244,18,4,-12.459010850000006,55.35234302,0.6727802140000001
245,19,4,-57.70204490000003,185.3963302,0.541014679
246,20,4,-26.979228080000013,78.43214512,0.644740895
247,21,4,-152.02387850000002,172.9429596,0.620789406
248,22,4,-603.3681231,421.6064259,0.555763374
249,23,4,-42.346854699999994,228.54907880000002,0.49863086799999995
250,24,4,-999.9833046000001,703.0440004,0.45619262299999996
251,25,4,36.48008089999996,451.21503889999997,0.34405642200000003
252,26,4,11.222710500000005,122.5710267,0.563658732
253,27,4,-11.930206400000003,139.681979,0.547382421
254,28,4,-1587.9907375000003,923.5329555,0.41158261100000004
255,29,4,-4.32274959999998,231.1773273,0.45443136
256,30,4,-55.08825150000001,159.9440641,0.5560709620000001
257,31,4,-176.11169260000003,186.7974792,0.562880984
258,32,4,-1998.7803161,820.7055309,0.533130841
259,33,4,-444.66213,227.8065995,0.585506117
260,34,4,-84.36535640000002,67.81008059999999,0.665182584
261,35,4,-58.90000950000001,152.5086554,0.555982871
262,36,4,-11.144208590000005,60.73304632,0.656038921
263,37,4,-9.853263069999997,48.13210986,0.683975129
264,38,4,-35.474670100000026,163.48081919999998,0.5372828629999999
265,39,4,-56.45924520000001,110.0154568,0.613316519
266,40,4,-4.750358700000007,108.0812423,0.582360987
267,41,4,-258.3646761,223.4747065,0.56935393
268,42,4,-30.057545800000014,170.5536581,0.541114404
269,43,4,21.53157650000003,333.0348439,0.42616238100000003
270,44,4,3.2056645000000117,216.27313560000002,0.47774451700000004
271,45,4,-7.650833659999996,63.95356464,0.650311166
272,46,4,7.284665600000011,132.4500289,0.575369299
273,47,4,-6.568008679999998,45.70856244,0.6793273479999999
274,48,4,-10.87522272999999,66.94142046,0.652900859
275,49,4,-1.338547699999964,195.836934,0.505718851
276,50,4,-5.308940100000001,66.91349668,0.64999474
277,51,4,-5.649116460000002,76.88515565,0.634971152
278,52,4,-10.742696350000003,46.42094265,0.68933205
279,53,4,11.260400599999983,126.87035829999999,0.573914244
280,54,4,-0.45318448999999816,64.44446209,0.654850123
281,55,4,-8.31354383,46.95107887,0.692124836
282,56,4,-420.1920731999999,396.3720642,0.934537524
283,57,4,-23.98401416,62.31979072,0.66186139
284,58,4,-39.20376090000002,102.05179609999999,0.599680266
285,59,4,-26.556469449999994,67.19295463,0.651114409
286,60,4,-80.67432618,97.99081012,0.647387319
287,61,4,-28.306673899999993,137.6831842,0.560267572
288,62,4,-18.500041210000006,56.08057966,0.666872734
289,63,4,-22.943110649999994,87.27512445,0.619690753
290,64,4,-20.10046158,59.78843598,0.684970765
291,65,4,-26.322058580000004,81.89949532,0.639657677
292,66,4,-6.170159499999983,178.7610441,0.529648739
293,67,4,0.8254478000000063,146.33444730000002,0.539607456
294,68,4,7.116431200000022,165.8966258,0.518317789
295,69,4,11.642965800000013,211.2173098,0.482710456
296,70,4,-24.565094300000013,100.1594231,0.615796705
297,71,4,21.06969529999995,237.18724249999997,0.46893455799999995
298,72,4,-19.807103620000007,63.03727882,0.667057059
299,73,4,-7.012656199999995,114.3523894,0.589426407
300,74,4,-13.89635268,49.38744036,0.688809529
301,75,4,-7.079029599999998,89.45309943,0.630342372
302,76,4,-1825.813743,1131.651192,1.3814144519999998
303,77,4,-205.68703649999998,265.8620082,0.652391654
304,2,5,-114.24147369999997,263.4563685,0.539840718
305,3,5,-438.2975992,484.46053319999993,0.594718151
306,4,5,-242.20131760000004,217.07763419999998,0.664471033
307,5,5,-313.48902699999996,210.2891125,0.65099816
308,6,5,-1598.638989,1227.653449,0.520942535
309,7,5,-1266.7559100999997,834.5358139,0.438726066
310,8,5,-4586.015272000001,2275.046677,0.431955178
311,9,5,-26.860153549999993,67.22852014,0.680451081
312,10,5,-61.35522420000001,111.81965579999999,0.6688756060000001
313,11,5,-50.975165099999984,107.5238925,0.660492788
314,12,5,-35.96181524000001,74.13456656,0.6785777009999999
315,13,5,-44.22188951,92.09052379,0.6559350970000001
316,14,5,-104.27563790000002,201.1586576,0.6064445279999999
317,15,5,-102.62929650000007,214.07515159999997,0.606194541
318,16,5,-197.52140760000006,247.542516,0.603188037
319,17,5,-45.094202399999986,115.0973365,0.648518952
320,18,5,-18.59895847,76.55443131,0.659197603
321,19,5,-84.70712999999995,256.4102954,0.530092253
322,20,5,-39.43932269999999,108.47469029999999,0.631724363
323,21,5,-216.8090517,239.1868022,0.608256426
324,22,5,-855.153821,583.0979940000001,0.54454319
325,23,5,-64.03094769999996,316.0922158,0.48856411899999996
326,24,5,-1417.3633782000002,972.3370448,0.446982651
327,25,5,42.08871190000002,624.0478509,0.337110343
328,26,5,13.2756957,169.5204708,0.55227915
329,27,5,-19.55775250000002,193.18557959999998,0.5363314379999999
330,28,5,-2246.9066929999994,1277.281798,0.40327326
331,29,5,-10.728252399999974,319.72718510000004,0.445256945
332,30,5,-80.52609750000002,221.208827,0.5448445679999999
333,31,5,-250.88867649999997,258.3481387,0.551517104
334,32,5,-2821.255757,1135.067492,0.52236758
335,33,5,-628.5477218999999,315.0653382,0.573685463
336,34,5,-119.74972657000002,93.78396423,0.651753359
337,35,5,-85.72482209999998,210.9253691,0.544758256
338,36,5,-16.86253991000001,83.99615209,0.642794296
339,37,5,-14.79693159,66.56856958,0.670166506
340,38,5,-53.075507800000054,226.100296,0.526435778
341,39,5,-81.44289260000002,152.1556319,0.600934407
342,40,5,-8.845592699999997,149.4805385,0.570603829
343,41,5,-367.0463979,309.0741626,0.557859369
344,42,5,-45.61680880000003,235.88230589999998,0.530189964
345,43,5,23.49639769999999,460.60007029999997,0.417558683
346,44,5,0.13627120000006698,299.11411150000004,0.468099438
347,45,5,-12.025564110000005,88.45025349,0.637182177
348,46,5,7.550555899999978,183.18351289999998,0.563753295
349,47,5,-10.138158769999997,63.21670977,0.665612558
350,48,5,-16.61031154999999,92.58257365,0.639719587
351,49,5,-5.828029800000024,270.8500542,0.495509005
352,50,5,-8.799099720000001,92.54395398,0.636872139
353,51,5,-9.477552799999984,106.335144,0.62215186
354,52,5,-16.010478930000005,64.20195915,0.675415277
355,53,5,13.241871000000003,175.46661269999998,0.562327616
356,54,5,-1.9356706599999995,89.12918365,0.641629499
357,55,5,-12.61256641,64.93515805,0.6781516809999999
358,56,5,-597.6108992999999,548.1978957,0.915670352
359,57,5,-34.91145192000002,86.19068098,0.648499217
360,58,5,-57.06925380000001,141.1415812,0.5875734539999999
361,59,5,-38.619425250000006,92.93045515,0.637969204
362,60,5,-115.17915090000002,135.5250805,0.634317359
363,61,5,-42.49701890000003,190.421169,0.548956454
364,62,5,-27.090464150000003,77.56161075,0.6534093879999999
365,63,5,-33.954164300000016,120.7048727,0.6071799529999999
366,64,5,-29.410968350000005,82.68971945,0.671142041
367,65,5,-38.58710960000002,113.2701697,0.626743769
368,66,5,-12.263385099999994,247.2334381,0.5189557770000001
369,67,5,-1.793096200000008,202.3862006,0.52871344
370,68,5,6.639914900000036,229.44145010000003,0.507853586
371,69,5,12.077523799999994,292.121709,0.472965121
372,70,5,-36.49000270000002,138.5243561,0.603364521
373,71,5,24.78140080000003,328.0391303,0.45946734200000006
374,72,5,-29.064851140000002,87.18299476,0.653589991
375,73,5,-12.146545800000013,158.1537775,0.577526607
376,74,5,-20.495542959999995,68.30474022,0.674903305
377,75,5,-11.737496000000007,123.71709640000002,0.617616528
378,76,5,-2584.819148,1565.117369,1.35352538
379,77,5,-293.98364240000006,367.69744039999995,0.639220663
380,2,6,-149.29310729999992,416.92488910000003,0.507288049
381,3,6,-616.6656538999998,766.6683301,0.558856345
382,4,6,-344.9890195000001,343.5296292,0.6244030939999999
383,5,6,-452.42462709999995,332.7866599,0.611742641
384,6,6,-2294.1927640000004,1942.785749,0.48952943600000004
385,7,6,-1829.439165,1320.669353,0.412270662
386,8,6,-6685.314571000001,3600.306149,0.405908062
387,9,6,-34.660654600000015,106.3904565,0.639419536
388,10,6,-82.6547735,176.9568065,0.628542068
389,11,6,-67.45194440000003,170.15867649999998,0.620664738
390,12,6,-47.7293284,117.31941090000002,0.6376591220000001
391,13,6,-58.61490029999999,145.7350666,0.616381879
392,14,6,-139.54804289999993,318.3375353,0.569875616
393,15,6,-136.00285559999998,338.7781414,0.5696407029999999
394,16,6,-275.4675755999999,391.7409043,0.566815493
395,17,6,-58.00406910000004,182.14380069999999,0.609412931
396,18,6,-21.49836399999998,121.14889450000001,0.6194476529999999
397,19,6,-105.60487290000003,405.7743397,0.498127421
398,20,6,-50.07893520000002,171.66333269999998,0.593631064
399,21,6,-305.07903699999997,378.5178227,0.571578255
400,22,6,-1233.3617435999997,922.7640534,0.51170696
401,23,6,-69.63171369999992,500.2221536,0.459103456
402,24,6,-2043.728008,1538.7425130000001,0.42002937100000004
403,25,6,115.13586539999983,987.568008,0.316782418
404,26,6,34.0383224,268.2694819,0.5189764379999999
405,27,6,-13.20983339999998,305.7199825,0.503990381
406,28,6,-3261.891522,2021.323588,0.37895567799999996
407,29,6,10.579052499999989,505.9745641,0.41840772600000004
408,30,6,-102.27241879999997,350.0673231,0.511990164
409,31,6,-354.57094300000006,408.84101499999997,0.518260344
410,32,6,-4134.774444000001,1796.26665,0.49086855100000004
411,33,6,-916.0011233999999,498.59709960000004,0.539091939
412,34,6,-171.6996965,148.4149695,0.612452302
413,35,6,-110.92351929999995,333.7935486,0.511909057
414,36,6,-18.274681500000014,132.92556409999997,0.604033474
415,37,6,-16.631355500000012,105.3460717,0.629755126
416,38,6,-60.71252820000001,357.8081691,0.494691434
417,39,6,-109.40516850000006,240.78928259999998,0.564697758
418,40,6,-0.7954873000000191,236.5558946,0.53619613
419,41,6,-524.4763656999999,489.1159463,0.524220166
420,42,6,-48.715249099999994,373.2883922,0.49821924100000003
421,43,6,73.63364550000006,728.9086779,0.392379683
422,44,6,25.147453900000016,473.3539693,0.439872805
423,45,6,-10.652000100000038,139.97426719999999,0.5987597689999999
424,46,6,26.59495899999996,289.89151489999995,0.529758685
425,47,6,-9.926763500000007,100.04168759999999,0.625475784
426,48,6,-17.18053580000003,146.5137452,0.601144172
427,49,6,13.849250599999948,428.6255424,0.465629561
428,50,6,-5.473737699999987,146.4526289,0.598468427
429,51,6,-5.3407775000000015,168.2774586,0.5846357879999999
430,52,6,-18.647972199999998,101.6008641,0.634687394
431,53,6,34.48346440000003,277.6793685,0.528418976
432,54,6,4.530673500000006,141.0486876,0.602938915
433,55,6,-13.492919499999985,102.7611658,0.637258791
434,56,6,-850.1818631,867.5339608999999,0.8604549659999999
435,57,6,-45.14933669999999,136.3984493,0.609394385
436,58,6,-73.78438940000004,223.3593306,0.5521424770000001
437,59,6,-50.1460385,147.0642746,0.599499338
438,60,6,-161.36701420000003,214.47110759999998,0.5960677010000001
439,61,6,-47.8292902,301.3452483,0.515854102
440,62,6,-34.14424229999999,122.74277579999999,0.614008471
441,63,6,-40.83609559999999,191.0178371,0.5705666939999999
442,64,6,-37.195344999999975,130.8581087,0.630671836
443,65,6,-48.401461599999976,179.2522733,0.588950802
444,66,6,2.232426499999974,391.25178239999997,0.48766248100000004
445,67,6,14.18892870000002,320.2801462,0.496831752
446,68,6,29.087245800000005,363.09561119999995,0.47722975700000003
447,69,6,42.465841100000034,462.2883547,0.444445085
448,70,6,-43.151676700000024,219.21752039999998,0.566981335
449,71,6,64.50575709999993,519.1283808999999,0.431761228
450,72,6,-36.301775599999985,137.9688054,0.6141781829999999
451,73,6,-5.020781199999988,250.28146600000002,0.54270146
452,74,6,-25.029532699999976,108.0935959,0.634206294
453,75,6,-7.279242000000011,195.7847403,0.580373939
454,76,6,-3744.463421,2476.829045,1.271907114
455,77,6,-410.0572271,581.8884373,0.600675333
456,2,7,-239.97268659999997,576.7040521,0.48668947799999995
457,3,7,-934.7522020000001,1060.480542,0.536163829
458,4,7,-517.8940580999999,475.18134410000005,0.599049034
459,5,7,-672.2173789999999,460.32132,0.5869026629999999
460,6,7,-3423.823309,2687.324368,0.469651958
461,7,7,-2716.7229340000004,1826.7927559999998,0.39553029799999995
462,8,7,-9855.263124,4980.060436,0.389426053
463,9,7,-56.28039399999997,147.16273590000003,0.61345573
464,10,7,-129.6747875,244.7724039,0.603019944
465,11,7,-107.34540109999998,235.3690096,0.595462475
466,12,7,-75.77575819999998,162.2800207,0.611766797
467,13,7,-93.15588480000005,201.585479,0.591353522
468,14,7,-220.09014409999997,440.33482130000004,0.546735659
469,15,7,-216.18490849999995,468.6089318,0.546510285
470,16,7,-420.4702272999998,541.8687461000001,0.5437997929999999
471,17,7,-94.42675380000003,251.94722280000002,0.58466755
472,18,7,-38.168224200000026,167.57708689999998,0.59429481
473,19,7,-176.30052330000012,561.2802499,0.47790082
474,20,7,-82.37661099999997,237.4502989,0.5695265110000001
475,21,7,-462.39837750000004,523.57815,0.5483691620000001
476,22,7,-1833.461167,1276.397218,0.49092895799999997
477,23,7,-129.99735239999995,691.9235346,0.44046143299999996
478,24,7,-3038.6884410000002,2128.438637,0.402973962
479,25,7,107.69565399999988,1366.036154,0.303919381
480,26,7,33.238972099999955,371.0790631,0.497903256
481,27,7,-37.12222059999999,422.8818123,0.48352571200000005
482,28,7,-4824.212183999999,2795.960457,0.363568079
483,29,7,-14.646446099999935,699.8804557,0.401418165
484,30,7,-168.20150990000008,484.2244947,0.491200662
485,31,7,-535.5745622999998,565.5221747,0.497216239
486,32,7,-6069.901150000001,2484.6543890000003,0.470936698
487,33,7,-1350.6505819,689.6757071000001,0.517201962
488,34,7,-256.4205776,205.2924076,0.5875835070000001
489,35,7,-179.71746460000008,461.71408099999996,0.49112284799999995
490,36,7,-34.21463559999998,183.86695890000001,0.579506528
491,37,7,-30.214355300000022,145.718109,0.604183745
492,38,7,-108.71568659999997,494.93188430000004,0.47460435100000004
493,39,7,-172.0305909,333.0675587,0.541768049
494,40,7,-15.12870190000001,327.21179889999996,0.514423738
495,41,7,-785.3798611999999,676.5610677999999,0.502934062
496,42,7,-92.32651539999995,516.3446319,0.477988911
497,43,7,63.123235600000044,1008.250165,0.376446997
498,44,7,8.294086900000138,654.7585892000001,0.422011649
499,45,7,-23.636770600000006,193.6169541,0.574446963
500,46,7,21.225196100000062,400.98736180000003,0.508247688
501,47,7,-20.23057030000004,138.3809125,0.600078167
502,48,7,-33.439621999999986,202.6625725,0.576734547
503,49,7,-5.358103300000039,592.8887758,0.446722544
504,50,7,-16.550870799999984,202.5780343,0.574167451
505,51,7,-17.649026799999973,232.76684790000002,0.56089649
506,52,7,-32.901638700000035,140.53761619999997,0.608915737
507,53,7,33.32485700000001,384.0951241,0.506962378
508,54,7,-1.801752600000043,195.1031272,0.578456414
509,55,7,-25.534897700000016,142.1425832,0.611382722
510,56,7,-1277.522631,1200.00116,0.8255159540000001
511,57,7,-73.18218539999998,188.6707665,0.584649758
512,58,7,-119.62327439999996,308.9578828,0.529722579
513,59,7,-81.01949989999997,203.4240825,0.575156502
514,60,7,-245.4215412000001,296.663404,0.5718642070000001
515,61,7,-86.7965547,416.8305378,0.494907704
516,62,7,-56.50203730000004,169.78179519999998,0.589076487
517,63,7,-70.18925230000002,264.2220783,0.547398676
518,64,7,-61.382399899999996,181.0071875,0.605063232
519,65,7,-80.40566500000003,247.94756809999998,0.565036292
520,66,7,-19.904540099999963,541.1921768,0.467860811
521,67,7,1.5354467000000227,443.0219039,0.476657761
522,68,7,20.493274600000063,502.245646,0.457851711
523,69,7,33.927043799999865,639.4522714999999,0.426398269
524,70,7,-75.19580619999999,303.2287963,0.543958901
525,71,7,62.35655459999998,718.0752425,0.414229444
526,72,7,-60.513841299999996,190.842934,0.589239309
527,73,7,-22.03422930000005,346.1974552,0.5206649179999999
528,74,7,-42.48973960000001,149.5185738,0.6084541720000001
529,75,7,-22.070727999999974,270.81581370000004,0.556807695
530,76,7,-5547.165209,3426.030404,1.220260975
531,77,7,-625.8321925,804.8869915,0.576284745
532,2,8,-334.62826110000003,663.202611,0.47032821
533,3,8,-1218.27292,1219.539662,0.51813936
534,4,8,-666.9053112999999,546.4527377000001,0.578910523
535,5,8,-854.3930154,529.3638916,0.567172482
536,6,8,-4376.324042,3090.3901760000003,0.453863449
537,7,8,-3450.5628760000004,2100.789341,0.382233571
538,8,8,-12399.066409,5727.008631000001,0.376334536
539,9,8,-79.33526319999999,169.2353476,0.592832902
540,10,8,-176.02129000000002,281.4852727,0.582747941
541,11,8,-148.0633752,270.67148419999995,0.575444535
542,12,8,-104.24095059999996,186.62004030000003,0.591200747
543,13,8,-128.299659,231.8208369,0.571473715
544,14,8,-300.5398787000001,506.3796624,0.528355792
545,15,8,-297.79934320000007,538.8945438,0.5281379939999999
546,16,8,-552.6612721000001,623.1424348999999,0.525518622
547,17,8,-133.46995860000004,289.7362267,0.565012509
548,18,8,-58.67185709999998,192.7116016,0.574316124
549,19,8,-255.72451910000018,645.465427,0.461835005
550,20,8,-117.7055426,273.0649414,0.5503804720000001
551,21,8,-602.5760390999999,602.1084728999999,0.52993438
552,22,8,-2331.8417799999997,1467.8412,0.47442517
553,23,8,-208.53466249999997,795.7036075,0.425654236
554,24,8,-3865.6138250000004,2447.678417,0.38942699799999997
555,25,8,33.46098600000005,1570.92488,0.293702381
556,26,8,13.957062399999984,426.73638700000004,0.48116501
557,27,8,-75.7325922,486.30891529999997,0.46727080299999996
558,28,8,-6095.148714,3215.3203519999997,0.351345841
559,29,8,-68.16832650000003,804.8539696,0.38792350299999995
560,30,8,-240.29401130000008,556.8522502999999,0.474687741
561,31,8,-694.9969423,650.3435887,0.480501089
562,32,8,-7594.793342000001,2857.322178,0.455104999
563,33,8,-1699.7900826,793.1186334,0.49981494200000004
564,34,8,-328.04577770000003,236.0837595,0.567830438
565,35,8,-252.7474767,530.9655498,0.474612542
566,36,8,-55.0114045,211.44475530000003,0.560024987
567,37,8,-47.383522099999965,167.57404430000003,0.583872618
568,38,8,-168.38224379999997,569.1656176,0.458649355
569,39,8,-234.1147188,383.0236215,0.52355518
570,40,8,-41.988440000000026,376.2895693,0.497130115
571,41,8,-1008.1897375000002,778.0369585,0.48602669299999995
572,42,8,-149.89574519999985,593.7900156000001,0.461920135
573,43,8,4.701655000000073,1159.4753660000001,0.36379180299999997
574,44,8,-36.898012199999926,752.9643746,0.407824686
575,45,8,-42.78752239999997,222.6571307,0.555135512
576,46,8,-2.8699324999999476,461.1305649,0.491161688
577,47,8,-34.65811019999998,159.136358,0.579905059
578,48,8,-55.4145838,233.05948130000002,0.557346192
579,49,8,-49.13434999999993,681.8148455,0.43170486399999997
580,50,8,-34.77351999999999,232.9622634,0.5548653960000001
581,51,8,-38.283756500000095,267.67902999999995,0.542040571
582,52,8,-50.2947758,161.6165409,0.588445532
583,53,8,13.127043100000094,441.70469800000006,0.48991958700000005
584,54,8,-16.215843300000017,224.36621159999999,0.559010174
585,55,8,-41.40924039999999,163.4622333,0.590829583
586,56,8,-1647.098112,1379.986667,0.7977641990000001
587,57,8,-102.96774540000001,216.9690754,0.564995314
588,58,8,-168.35066299999994,355.2977889,0.511914648
589,59,8,-113.60326600000002,233.9352085,0.555821197
590,60,8,-321.1702086,341.1592885,0.552639581
591,61,8,-135.99095169999998,479.35002369999995,0.47827016
592,62,8,-81.23081800000003,195.24698930000002,0.569273228
593,63,8,-104.73784080000001,303.8521605,0.52899652
594,64,8,-88.00006569999996,208.1560532,0.5847225389999999
595,65,8,-116.05143199999998,285.1366727,0.546041204
596,66,8,-63.19404589999999,622.3643885,0.45213251600000004
597,67,8,-29.94661359999992,509.4697745,0.460633735
598,68,8,-11.037679000000026,577.5763541,0.44245989700000005
599,69,8,-4.479721100000006,735.3622964,0.41206384
600,70,8,-113.65682830000003,348.7094095,0.525672381
601,71,8,24.608428499999945,825.777752,0.4003041
602,72,8,-87.64535489999997,219.4670415,0.569430576
603,73,8,-51.789498400000014,398.122842,0.503161482
604,74,8,-62.654806399999984,171.94453230000002,0.587999484
605,75,8,-46.41936400000003,311.4348756,0.5380892310000001
606,76,8,-7023.724681000001,3939.893089,1.179238892
607,77,8,-822.4691836999999,925.6102023,0.556911512
608,2,9,-311.3891289000002,610.9441717,0.46038239
609,3,9,-1129.92008,1123.4434789999998,0.5071824979999999
610,4,9,-618.1594776999998,503.3938493,0.566668561
611,5,9,-791.4079643999999,487.6515546,0.555178739
612,6,9,-4054.893583999999,2846.876407,0.44426580200000004
613,7,9,-3196.0742759999994,1935.2532429999999,0.374150649
614,8,9,-11478.888554000001,5275.736986,0.36837635799999996
615,9,9,-73.86324419999997,155.9000938,0.58029653
616,10,9,-163.58579150000003,259.3050508,0.570424831
617,11,9,-137.70931419999994,249.34335750000002,0.563275867
618,12,9,-96.93903319999998,171.91492319999998,0.57869889
619,13,9,-119.31914180000001,213.55402830000003,0.559389016
620,14,9,-279.3882278999999,466.4784159,0.517182888
621,15,9,-276.9569931999999,496.4312191000001,0.516969696
622,16,9,-512.7997889,574.0406211000001,0.514405714
623,17,9,-124.27983590000002,266.9058536,0.553064442
624,18,9,-54.836873800000006,177.5264872,0.562171318
625,19,9,-238.39976430000013,594.6046263,0.452068787
626,20,9,-109.65591099999997,251.54821719999998,0.538741823
627,21,9,-558.8719697999999,554.6640742000001,0.518728095
628,22,9,-2160.0129620000002,1352.1795769999999,0.46439271299999996
629,23,9,-195.25142960000017,733.0044746,0.416653116
630,24,9,-3580.809405999999,2254.8084670000003,0.38119196
631,25,9,26.003788000000213,1447.1405630000002,0.287491588
632,26,9,11.563056600000095,393.11079930000005,0.470990029
633,27,9,-71.527311,447.98918539999994,0.457389636
634,28,9,-5644.060781,2961.962448,0.34391608700000004
635,29,9,-65.53413790000002,741.4338147000001,0.379720258
636,30,9,-223.85891670000012,512.9739105,0.464649731
637,31,9,-644.4513879999998,599.0984030000001,0.47034014700000004
638,32,9,-7029.11729,2632.1734899999997,0.44548109700000005
639,33,9,-1573.6678371000003,730.6231889,0.489245579
640,34,9,-303.96549730000004,217.48104500000002,0.555822782
641,35,9,-235.28896659999998,489.1270068,0.46457612299999995
642,36,9,-51.51211329999998,194.78352280000001,0.5481823889999999
643,37,9,-44.323817099999985,154.36969630000002,0.571525725
644,38,9,-157.42672259999995,524.3170202,0.44895050299999995
645,39,9,-217.60213700000003,352.8424727,0.512483793
646,40,9,-39.99134349999997,346.6390442,0.48661752700000005
647,41,9,-934.3478567999999,716.7299062000001,0.475748904
648,42,9,-140.41615119999983,547.0010871000001,0.452152116
649,43,9,0.7104960000001483,1068.112075,0.35609886
650,44,9,-36.4670936,693.6329691000001,0.39920059999999996
651,45,9,-40.24826619999999,205.11239550000002,0.543396309
652,46,9,-4.098619199999973,424.7948158,0.480775312
653,47,9,-32.53477560000002,146.5968753,0.567642066
654,48,9,-51.95255830000002,214.6950711,0.5455602420000001
655,49,9,-47.55452689999993,628.0898161,0.422575794
656,50,9,-32.87292739999995,214.60551380000004,0.543131906
657,51,9,-36.22642460000003,246.5867,0.530578282
658,52,9,-46.996121199999976,148.88162690000001,0.576001938
659,53,9,10.748906100000056,406.8996508,0.479559477
660,54,9,-15.692403899999988,206.68680580000003,0.547189036
661,55,9,-38.78866739999998,150.5818841,0.578335574
662,56,9,-1526.8026989999998,1271.247726,0.780894237
663,57,9,-95.85731730000003,199.8725425,0.553047611
664,58,9,-156.72696919999993,327.3013551,0.501089418
665,59,9,-105.74133209999997,215.50179359999998,0.544067495
666,60,9,-297.9395995000001,314.2769276,0.540953159
667,61,9,-127.20460219999995,441.5786342,0.468156395
668,62,9,-75.696935,179.8620937,0.5572350620000001
669,63,9,-97.7658978,279.9094929,0.517810067
670,64,9,-81.99448530000004,191.7539608,0.572357673
671,65,9,-108.16480290000004,262.66873119999997,0.534494315
672,66,9,-60.36404120000009,573.3238825,0.442571472
673,67,9,-29.27819569999997,469.32503610000003,0.450892919
674,68,9,-12.013484699999822,532.0650151000001,0.433103395
675,69,9,-6.446435600000086,677.4178835,0.40335011
676,70,9,-106.15070530000003,321.2321209,0.5145562220000001
677,71,9,20.1573664,760.7088637999999,0.39183904799999997
678,72,9,-81.70207700000006,202.1736761,0.557389082
679,73,9,-49.119293200000016,366.7519185,0.492521351
680,74,9,-58.4533534,158.3958026,0.575565322
681,75,9,-43.883670499999994,286.894712,0.5267104979999999
682,76,9,-6504.650952,3629.4409579999997,1.154302055
683,77,9,-763.1419359999999,852.674807,0.5451347529999999
684,2,10,-210.99920310000005,630.9222705,0.45597639100000004
685,3,10,-896.7279659999997,1160.180493,0.502328608
686,4,10,-503.9178779,519.8550131,0.561245371
687,5,10,-663.9492734,503.5979396000001,0.549865511
688,6,10,-3360.0823459999997,2939.970312,0.440014044
689,7,10,-2685.4260179999997,1998.5367350000001,0.370569914
690,8,10,-9845.650716,5448.255524,0.364850885
691,9,10,-48.7337861,160.9980841,0.574742916
692,10,10,-118.23750909999995,267.7844213,0.564965693
693,11,10,-95.81126370000004,257.4969769,0.557885146
694,12,10,-67.87784500000001,177.5366044,0.573160566
695,13,10,-83.31494950000004,220.53732349999999,0.554035494
696,14,10,-199.10728609999995,481.7324315,0.512233291
697,15,10,-193.2971695,512.6647024,0.51202214
698,16,10,-399.27439190000007,592.8119602999999,0.5094826960000001
699,17,10,-81.44715629999996,275.63377310000004,0.547771448
700,18,10,-28.77354679999999,183.3316685,0.556791168
701,19,10,-146.3321141,614.048416,0.447742352
702,20,10,-69.93931559999999,259.7739364,0.533585901
703,21,10,-443.65278579999995,572.8017932,0.51376371
704,22,10,-1809.592548,1396.396346,0.45994833399999996
705,23,10,-90.3537364,756.9739902000001,0.412665619
706,24,10,-2998.3093960000006,2328.5415329999996,0.37754383700000005
707,25,10,197.22484899999995,1494.462591,0.28474020699999997
708,26,10,57.682418600000005,405.9656668,0.466482512
709,27,10,-11.584869200000071,462.6385964,0.45301227899999996
710,28,10,-4796.904198,3058.819708,0.340624706
711,29,10,29.06494469999984,765.6789727999999,0.37608622
712,30,10,-142.84515079999994,529.7483458,0.46020289299999995
713,31,10,-516.4441901,618.6891409,0.46583885
714,32,10,-6100.743486,2718.246531,0.441217708
715,33,10,-1348.8810784000002,754.5148356000001,0.48456335100000003
716,34,10,-251.39248909999995,224.5927551,0.55050339
717,35,10,-156.13754239999997,505.12163960000004,0.46012998899999996
718,36,10,-23.66981659999996,201.1530156,0.542936118
719,37,10,-21.953165499999983,159.4176421,0.566056051
720,38,10,-80.84486699999991,541.4623794,0.44465391
721,39,10,-156.33095960000003,364.3805512,0.507579168
722,40,10,5.051495699999975,357.9742683,0.48196045
723,41,10,-766.9645356000001,740.1672374,0.47119584299999995
724,42,10,-62.59788559999993,564.8882237,0.447824884
725,43,10,128.6974745,1103.039732,0.35269088600000004
726,44,10,49.86730699999998,716.315022,0.39538012899999997
727,45,10,-12.149725499999988,211.8196462,0.538195842
728,46,10,47.18456370000001,438.6857624,0.476174146
729,47,10,-12.123761000000002,151.3906469,0.56220956
730,48,10,-21.684798,221.7156788,0.540339065
731,49,10,31.888972999999964,648.6285839,0.418531616
732,50,10,-4.2793239000000085,221.6231929,0.537933969
733,51,10,-3.5064391999999884,254.6501756,0.5255004870000001
734,52,10,-25.050418500000006,153.7501108,0.570489425
735,53,10,58.5923029999999,420.2054188999999,0.474969947
736,54,10,10.454027600000018,213.4455403,0.5419522720000001
737,55,10,-17.3546829,155.505967,0.5728007279999999
738,56,10,-1241.289871,1312.817994,0.773420842
739,57,10,-63.53878169999999,206.408448,0.5477547779999999
740,58,10,-103.82503069999996,338.0042297,0.496293841
741,59,10,-70.68738999999997,222.54878140000002,0.538860604
742,60,10,-234.28772660000004,324.5538986,0.5357760739999999
743,61,10,-63.176563300000055,456.0184178,0.463675997
744,62,10,-47.53496389999998,185.7436502,0.551902153
745,63,10,-55.68586349999998,289.0626361,0.512854468
746,64,10,-51.85783679999997,198.0243858,0.566880037
747,65,10,-67.2450417,271.2580952,0.5293790420000001
748,66,10,13.630703899999958,592.071784,0.43833592899999996
749,67,10,29.538654099999917,484.67213719999995,0.44657773700000003
750,68,10,52.819657800000016,549.4637365,0.428958465
751,69,10,75.32675259999996,699.5696971,0.399489927
752,70,10,-58.38576009999997,331.73652930000003,0.509631763
753,71,10,109.59636140000009,785.5843232000001,0.38808903
754,72,10,-50.341770500000024,208.7848296,0.5520547
755,73,10,-0.8694516000000476,378.744841,0.48780777299999994
756,74,10,-34.36818240000002,163.5754035,0.5700569879999999
757,75,10,-5.663840999999991,296.2762745,0.52166972
758,76,10,-5502.445890000001,3748.125011,1.143255035
759,77,10,-594.3873305,880.5575865000001,0.5399176489999999
760,2,11,-243.7787080999999,636.9984484,0.46180862
761,3,11,-980.4834849999997,1171.35376,0.5087537120000001
762,4,11,-546.1596916,524.8615434,0.568424058
763,5,11,-712.9830099000001,508.4479041,0.556898641
764,6,11,-3622.523549,2968.2840730000003,0.445642104
765,7,11,-2882.3493359999998,2017.7839,0.375309739
766,8,11,-10499.012662999998,5500.725647,0.36951756
767,9,11,-56.86265000000003,162.5485968,0.582094245
768,10,11,-133.47395060000002,270.3633535,0.572191965
769,11,11,-109.63700399999999,259.9768345,0.5650208529999999
770,12,11,-77.49422640000003,179.24639340000002,0.580491655
771,13,11,-95.2141823,222.66123650000003,0.561121961
772,14,11,-225.88946739999994,486.37181739999994,0.5187850820000001
773,15,11,-220.94087109999998,517.6019855000001,0.51857123
774,16,11,-439.3512120999999,598.5211119,0.515999305
775,17,11,-95.27234180000005,278.2882995,0.5547777939999999
776,18,11,-36.79685699999999,185.0972677,0.563912883
777,19,11,-175.51091299999996,619.962088,0.45346926200000004
778,20,11,-82.65419029999998,262.2757226,0.540410805
779,21,11,-485.04693970000005,578.3182343,0.5203350760000001
780,22,11,-1944.1045960000004,1409.8445199999999,0.46583136700000005
781,23,11,-122.16878930000007,764.2641252999999,0.417943876
782,24,11,-3221.7246190000005,2350.966851,0.382372864
783,25,11,151.74838899999986,1508.855204,0.288382216
784,26,11,45.51843459999992,409.87537119999996,0.472449121
785,27,11,-29.0153489999999,467.0940967,0.458806595
786,28,11,-5129.996896999999,3088.2780629999997,0.344981514
787,29,11,2.443295799999987,773.0529422999999,0.38089660299999994
788,30,11,-168.78433569999993,534.8501552,0.466089181
789,31,11,-562.873586,624.6475059999999,0.471797226
790,32,11,-6481.572002000001,2744.424952,0.446861164
791,33,11,-1438.6888635999999,761.7812874,0.490761226
792,34,11,-271.19680800000003,226.7557245,0.5575446789999999
793,35,11,-181.79080569999996,509.9862783,0.466015345
794,36,11,-32.10842930000001,203.0902455,0.549880617
795,37,11,-28.788353,160.9529342,0.573296269
796,38,11,-104.35046790000001,546.6770022000001,0.450341318
797,39,11,-176.85320499999995,367.8897648,0.514071429
798,40,11,-7.788795300000004,361.4217854,0.48812503100000004
799,41,11,-829.3921941000001,747.2955129,0.477222738
800,42,11,-86.11689160000003,570.3284521,0.45355285
801,43,11,94.35338000000013,1113.662698,0.35720202799999995
802,44,11,26.00851160000002,723.2135857000001,0.40043729299999997
803,45,11,-20.446223599999996,213.8596025,0.545079711
804,46,11,33.34113449999995,442.9105818,0.482264718
805,47,11,-18.21215940000002,152.848634,0.569400579
806,48,11,-30.78275979999998,223.8509401,0.5472503470000001
807,49,11,9.672402999999917,654.8752846,0.423884902
808,50,11,-12.57062460000003,223.75756349999997,0.544814488
809,51,11,-12.968234499999994,257.1026168,0.532221973
810,52,11,-31.82156660000001,155.2308209,0.577786349
811,53,11,45.95026740000009,424.25226110000006,0.481045116
812,54,11,3.1413411999999425,215.50115499999998,0.5488841870000001
813,55,11,-23.834788400000008,157.0035872,0.580127215
814,56,11,-1346.521741,1325.461256,0.783313389
815,57,11,-74.00932610000001,208.39629109999998,0.554760911
816,58,11,-120.96078639999996,341.25942280000004,0.502641756
817,59,11,-82.07730539999994,224.692066,0.545752975
818,60,11,-256.95327810000003,327.6795565,0.542628992
819,61,11,-82.74628879999989,460.41016160000004,0.469606709
820,62,11,-56.51222279999999,187.5324783,0.558961334
821,63,11,-68.81256420000005,291.8464909,0.5194142039999999
822,64,11,-61.48310099999998,199.931485,0.574130794
823,65,11,-80.25498050000004,273.870481,0.536150138
824,66,11,-7.363020400000096,597.7738072999999,0.443942525
825,67,11,13.201396699999918,489.3398344,0.45228975200000004
826,68,11,35.1906206000001,554.7554175,0.43444511700000005
827,69,11,53.25448989999995,706.3069928,0.404599658
828,70,11,-73.19553910000002,334.9313605,0.516150279
829,71,11,85.96437900000001,793.1499937000001,0.393052936
830,72,11,-60.29004390000003,210.7955587,0.559115832
831,73,11,-14.741554399999984,382.3923918,0.494047146
832,74,11,-41.92818169999998,165.1507374,0.577348381
833,75,11,-16.74541169999992,299.1296012,0.528342208
834,76,11,-5893.274001000001,3784.22181,1.1578779959999999
835,77,11,-653.9774788,889.0379092000001,0.54682354
836,2,12,-204.05250520000004,740.5710507,0.47201956100000003
837,3,12,-946.0114189999997,1361.8097300000002,0.520002644
838,4,12,-538.4569081000001,610.2012739,0.580992346
839,5,12,-718.8520010000001,591.118863,0.569212094
840,6,12,-3617.655287,3450.911474,0.45549559
841,7,12,-2909.4726060000003,2345.8649649999998,0.383608124
842,8,12,-10764.423941000001,6395.114749,0.377687875
843,9,12,-46.33793990000001,188.97814499999998,0.5949647920000001
844,10,12,-118.78793430000002,314.3230148,0.584843565
845,11,12,-94.15896610000004,302.2477025,0.577513895
846,12,12,-66.9605003,208.3909156,0.593326768
847,13,12,-82.05301350000002,258.8647842,0.573528795
848,14,12,-198.43886550000002,565.4533206,0.530255815
849,15,12,-190.3175251,601.76135,0.530037234
850,16,12,-417.2688476999999,695.8375013,0.527408443
851,17,12,-77.10305460000001,323.5365155,0.567044354
852,18,12,-22.785832099999993,215.1931113,0.576381426
853,19,12,-132.3711446000001,720.7646676,0.463495813
854,20,12,-65.01305950000005,304.9203776,0.552359699
855,21,12,-468.0974009999999,672.349742,0.531840081
856,22,12,-1957.9947240000001,1639.077835,0.476131253
857,23,12,-62.15983430000006,888.5294582,0.427184933
858,24,12,-3243.426968999999,2733.2217140000002,0.390827419
859,25,12,298.70539900000017,1754.187136,0.294758566
860,26,12,85.75025330000005,476.518954,0.48289533100000004
861,27,12,10.969364600000063,543.0411437000001,0.468951158
862,28,12,-5223.591248000001,3590.415857,0.35260931799999995
863,29,12,72.27714559999993,898.7472908,0.38931851700000003
864,30,12,-132.8260654999999,621.8139815000001,0.47639476799999997
865,31,12,-547.3910541000002,726.2119098999999,0.482229022
866,32,12,-6704.123529999999,3190.654036,0.456741605
867,33,12,-1474.336469,885.642924,0.50161233
868,34,12,-270.4234544999999,263.6250144,0.569872417
869,35,12,-149.01574330000017,592.9073687999999,0.4763193
870,36,12,-16.136270399999972,236.1116528,0.562038896
871,37,12,-16.37235229999999,187.123036,0.5859722860000001
872,38,12,-62.655799499999944,635.5638117000001,0.46029870700000003
873,39,12,-156.52397610000003,427.7067085,0.52543794
874,40,12,24.21289040000005,420.18706960000003,0.498917848
875,41,12,-822.1779254000002,868.8018386,0.487774496
876,42,12,-40.96935619999999,663.0608632,0.463581249
877,43,12,201.54066899999998,1294.738404,0.36510003700000004
878,44,12,93.05974639999988,840.8043164999999,0.409291267
879,45,12,-2.6583023000000026,248.63205069999998,0.557131838
880,46,12,75.66690849999998,514.9255164,0.49292795799999994
881,47,12,-5.7597504000000015,177.7010191,0.581990459
882,48,12,-12.84384080000001,260.2479273,0.559350469
883,49,12,69.38176080000005,761.3545666,0.43325732
884,50,12,6.6800546999999995,260.1393682,0.556860751
885,51,12,9.258213300000023,298.90615210000004,0.543989807
886,52,12,-20.141036500000013,180.4705372,0.590561645
887,53,12,87.50883360000006,493.2334506,0.49168139
888,54,12,22.787008299999997,250.54051099999998,0.561020434
889,55,12,-11.41557019999999,182.5315459,0.592954269
890,56,12,-1324.6973010000002,1540.974295,0.800633044
891,57,12,-60.59640239999996,242.2804335,0.567027098
892,58,12,-98.97954289999996,396.7464127,0.513755547
893,59,12,-67.7808713,261.2258159,0.557819989
894,60,12,-246.05358270000005,380.9585315,0.554626932
895,61,12,-47.25872459999994,535.2704359,0.479990071
896,62,12,-43.7109121,218.0242744,0.571320395
897,63,12,-47.50356700000003,339.2991976,0.530898847
898,64,12,-47.924897500000014,232.4392945,0.5868252629999999
899,65,12,-61.395176299999946,318.4003829,0.548004826
900,66,12,45.96627349999994,694.9686889,0.45375843299999996
901,67,12,58.25082299999997,568.9039215,0.46229022299999994
902,68,12,87.72835639999994,644.9557348999999,0.44405103
903,69,12,120.75736440000003,821.1488004,0.413545665
904,70,12,-48.32205120000003,389.38944069999997,0.527562755
905,71,12,163.66343000000006,922.1120172000001,0.401743636
906,72,12,-45.66643859999999,245.06980950000002,0.571478309
907,73,12,18.645713,444.56738640000003,0.504970904
908,74,12,-30.086422699999986,192.00338,0.590113993
909,75,12,8.99411839999999,347.7665033,0.540024257
910,76,12,-5979.488588000001,4399.516402,1.18347956
911,77,12,-621.275779,1033.590804,0.558914225
912,2,13,-153.44863440000006,815.7625722999999,0.45076697200000004
913,3,13,-867.8147929999998,1500.076741,0.496589626
914,4,13,-506.4005433,672.1561157000001,0.554833279
915,5,13,-692.9319239999999,651.1362330000001,0.5435834310000001
916,6,13,-3451.2660440000004,3801.2887729999998,0.43498699
917,7,13,-2808.0841110000006,2584.044888,0.36633624299999995
918,8,13,-10561.762785000003,7044.422345,0.36068255200000005
919,9,13,-33.27569970000002,208.16543869999998,0.568176618
920,10,13,-98.14761379999999,346.2368005,0.558511097
921,11,13,-73.78929659999994,332.93545980000005,0.551511444
922,12,13,-52.969327799999974,229.5492231,0.566612346
923,13,13,-64.64376789999994,285.14779510000005,0.547705773
924,14,13,-160.9107501000001,622.8648215,0.50638115
925,15,13,-149.83666229999994,662.859271,0.506172411
926,16,13,-375.5923014000001,766.4871446000001,0.50366198
927,17,13,-54.68207180000002,356.3857645,0.541513292
928,18,13,-7.131250399999999,237.0420581,0.550429965
929,19,13,-81.39691300000004,793.9452112,0.442627004
930,20,13,-43.682955400000026,335.87949649999996,0.527489811
931,21,13,-429.5172645,740.6146305,0.507894085
932,22,13,-1885.2045500000002,1805.496379,0.454693536
933,23,13,3.308636599999886,978.7434652999999,0.407951015
934,24,13,-3121.4844820000008,3010.73067,0.373230491
935,25,13,438.92639800000006,1932.2929370000002,0.281487119
936,26,13,123.96074989999994,524.9007875,0.461153062
937,27,13,52.255995299999995,598.1770957,0.44783672399999996
938,28,13,-5088.470020000001,3954.957289,0.33673315200000004
939,29,13,142.0163574999999,989.9987328999999,0.371789527
940,30,13,-89.33472570000004,684.9478825,0.454945186
941,31,13,-506.8081131000001,799.9455218999999,0.460516754
942,32,13,-6637.722274,3514.606926,0.43617690299999995
943,33,13,-1445.843551,975.5638560000001,0.47902733299999994
944,34,13,-257.5579014,290.3913401,0.544214022
945,35,13,-108.12833460000002,653.106329,0.454873116
946,36,13,1.2708008000000177,260.084497,0.536733204
947,37,13,-2.670202200000034,206.12197709999998,0.559588998
948,38,13,-16.299844200000052,700.093758,0.439573848
949,39,13,-128.3051064,471.1325461,0.501780199
950,40,13,56.56841509999987,462.84942469999993,0.476454169
951,41,13,-777.9814912999999,957.0128647,0.465812545
952,42,13,8.027179899999965,730.3826349,0.442708593
953,43,13,304.5429119999999,1426.195542,0.348661479
954,44,13,158.96505469999988,926.1727033,0.39086300700000004
955,45,13,16.044912200000056,273.87611360000005,0.5320470860000001
956,46,13,116.51474690000009,567.2068377,0.47073397200000006
957,47,13,7.507247300000017,195.7433258,0.555786452
958,48,13,6.471284699999956,286.6713713,0.5341658229999999
959,49,13,128.67207789999998,838.6562763,0.413749994
960,50,13,26.495172099999934,286.55178989999996,0.5317882039999999
961,51,13,32.06743710000001,329.2546357,0.519496771
962,52,13,-7.039263599999998,198.7940381,0.563971722
963,53,13,127.0270951,543.3123372,0.469543531
964,54,13,42.29663409999995,275.97834339999997,0.535760599
965,55,13,2.0689299999999946,201.06430469999998,0.566256619
966,56,13,-1242.8300869999998,1697.432209,0.764584697
967,57,13,-43.880826100000036,266.87960519999996,0.541496813
968,58,13,-71.60043440000004,437.0287954,0.490623804
969,59,13,-49.82187109999995,287.7485466,0.532704253
970,60,13,-223.69469999999995,419.637942,0.5296549620000001
971,61,13,-8.07442560000004,589.6174137999999,0.458378611
972,62,13,-28.387229700000006,240.1606743,0.545596805
973,63,13,-23.122011499999985,373.74886039999996,0.50699523
974,64,13,-31.622527200000036,256.03927749999997,0.56040357
975,65,13,-38.95312439999998,350.7281512,0.523331015
976,66,13,99.63479040000004,765.5301201000001,0.43332804799999997
977,67,13,102.72085629999992,626.6657683,0.441475695
978,68,13,138.70778410000003,710.4392601,0.424057718
979,69,13,185.89956949999987,904.5215271,0.394925852
980,70,13,-20.179848100000072,428.92485669999996,0.503809344
981,71,13,237.54544090000002,1015.7357220000001,0.38365520700000005
982,72,13,-28.3516439,269.9521916,0.545747609
983,73,13,52.69711059999992,489.70511919999996,0.48223468799999997
984,74,13,-16.37275729999999,211.4978313,0.563544225
985,75,13,35.48555980000003,383.075867,0.51570977
986,76,13,-5802.953320999999,4846.207279,1.1301936240000001
987,77,13,-559.4080290000002,1138.5331529999999,0.533749221
988,2,14,-212.80758509999998,792.7221799,0.41475562299999996
989,3,14,-998.9132570000002,1457.708584,0.456917549
990,4,14,-569.5481279,653.1717431,0.510508171
991,5,14,-761.6879162,632.7455458,0.500157063
992,6,14,-3830.3994180000004,3693.9252,0.40023628899999997
993,7,14,-3083.123252,2511.061142,0.337069985
994,8,14,-11420.469380000002,6845.45973,0.331867963
995,9,14,-48.202474000000024,202.2860155,0.522785524
996,10,14,-124.57882310000008,336.45769069999994,0.513892172
997,11,14,-98.43362939999997,323.532033,0.507451714
998,12,14,-70.03932999999998,223.06583650000002,0.521346219
999,13,14,-85.80496949999997,277.0940827,0.503950075
1000,14,14,-207.87280139999996,605.2726319,0.46592683700000004
1001,15,14,-199.01202860000012,644.1374784,0.46573477399999996
1002,16,14,-440.037286,744.838487,0.463424899
1003,17,14,-80.15147989999997,346.32000750000003,0.498252305
1004,18,14,-22.975996399999985,230.34704390000002,0.506456633
1005,19,14,-136.6221655999999,771.5210282,0.40726595
1006,20,14,-67.392606,326.3929183,0.48534914700000004
1007,21,14,-494.282695,719.696716,0.467318905
1008,22,14,-2074.497974,1754.5019519999998,0.418368498
1009,23,14,-60.88675929999977,951.0998417000002,0.37536019299999995
1010,24,14,-3436.3076519999995,2925.695614,0.343413459
1011,25,14,328.39087300000006,1877.7172690000002,0.258999378
1012,26,14,94.11131640000002,510.0754933,0.424311979
1013,27,14,14.904174499999954,581.282186,0.41205947
1014,28,14,-5539.051692999999,3843.253503,0.309831858
1015,29,14,82.27900289999991,962.0372156,0.34208761200000004
1016,30,14,-137.69452749999994,665.6022193,0.418600044
1017,31,14,-578.3688138000001,777.3518662,0.423726505
1018,32,14,-7117.419776999999,3415.340393,0.401331141
1019,33,14,-1564.1330387000003,948.0100373,0.44075829
1020,34,14,-286.29262260000013,282.1895291,0.500737277
1021,35,14,-155.0998674,634.6599985,0.418533731
1022,36,14,-15.773364500000014,252.73867230000002,0.49385409399999997
1023,37,14,-16.31582990000001,200.30026940000002,0.51488396
1024,38,14,-62.91819270000008,680.3203147999999,0.404456707
1025,39,14,-164.07406929999996,457.8258818,0.461693452
1026,40,14,28.271421300000043,449.77670880000005,0.43839069399999997
1027,41,14,-870.0255589999998,929.9830000000001,0.428599219
1028,42,14,-39.670051700000045,709.7537129,0.407341021
1029,43,14,222.23056799999995,1385.914085,0.320807242
1030,44,14,104.05721570000014,900.0138880000001,0.35963733
1031,45,14,-1.3519670999999676,266.1407586,0.489542345
1032,46,14,83.60609849999997,551.1866517999999,0.433127479
1033,47,14,-5.07496180000004,190.21475269999996,0.511385196
1034,48,14,-12.125197000000014,278.57462710000004,0.49149181799999997
1035,49,14,78.38034559999994,814.9692742999999,0.380695897
1036,50,14,8.656889699999965,278.45842319999997,0.489304145
1037,51,14,11.631688000000054,319.95517,0.47799466399999996
1038,52,14,-20.36704530000003,193.1793006,0.518916553
1039,53,14,96.08262609999997,527.9670274,0.43203214100000004
1040,54,14,25.745316099999968,268.183613,0.49295918899999996
1041,55,14,-11.066740199999998,195.3854459,0.521018911
1042,56,14,-1400.9506969999998,1649.4899460000001,0.703502746
1043,57,14,-63.06347520000003,259.3418595,0.498237143
1044,58,14,-103.00337220000006,424.68535710000003,0.451428331
1045,59,14,-70.59857390000002,279.6213787,0.49014701200000005
1046,60,14,-259.6540952000001,407.7856909,0.48734132700000005
1047,61,14,-47.12445469999989,572.9642637000001,0.421759176
1048,62,14,-45.233429700000045,233.3775779,0.502009591
1049,63,14,-48.549830100000065,363.1927002,0.466491859
1050,64,14,-49.63344380000001,248.807706,0.5156334570000001
1051,65,14,-63.46133580000003,340.8221877,0.48152259399999997
1052,66,14,53.06054340000003,743.9084927,0.39870987799999996
1053,67,14,65.38789959999997,608.9662247,0.40620661799999996
1054,68,14,97.21805770000003,690.3736186000001,0.39018014700000003
1055,69,14,133.4238630000001,878.9742274,0.36337559799999997
1056,70,14,-49.12337830000001,416.810306,0.463560491
1057,71,14,179.69644059999996,987.0472897,0.353005354
1058,72,14,-47.15429809999995,262.32766380000004,0.502148347
1059,73,14,22.490193999999917,475.87389129999997,0.443709413
1060,74,14,-30.885132200000015,205.5242881,0.518523208
1061,75,14,11.640964599999961,372.2562749,0.47451020200000005
1062,76,14,-6338.877944999999,4709.331035,1.03990352
1063,77,14,-655.190488,1106.37643,0.49110849799999995
1064,2,15,-248.04240429999993,858.1050837000001,0.42169783299999997
1065,3,15,-1124.503331,1577.938877,0.464565467
1066,4,15,-638.0259176000002,707.0446714,0.519053094
1067,5,15,-849.0328544000001,684.9337426,0.5085287270000001
1068,6,15,-4278.645254,3998.596321,0.406935473
1069,7,15,-3435.7921820000006,2718.170863,0.34271188700000005
1070,8,15,-12683.632027,7410.066153,0.33742279299999994
1071,9,15,-56.58311120000002,218.97035640000001,0.531535945
1072,10,15,-142.96147929999995,364.2083723,0.522493736
1073,11,15,-113.9727795,350.21661969999997,0.515945478
1074,12,15,-80.97048089999998,241.46407549999998,0.53007255
1075,13,15,-99.26380920000003,299.9485155,0.512385227
1076,14,15,-239.31744430000003,655.1948912,0.473725554
1077,15,15,-230.25347849999991,697.26527,0.473530276
1078,16,15,-497.1676516,806.2719933999999,0.47118173799999996
1079,17,15,-94.2619742,374.8841227,0.506592088
1080,18,15,-29.325826699999965,249.34582930000002,0.514933741
1081,19,15,-163.86070600000005,835.155283,0.41408279600000003
1082,20,15,-79.87596479999996,353.3134679,0.493472956
1083,21,15,-556.3989658,779.0565552,0.475140922
1084,22,15,-2312.9350150000005,1899.2114550000001,0.42537118
1085,23,15,-83.70485199999985,1029.545571,0.381642999
1086,24,15,-3831.6092890000004,3167.003956,0.349161538
1087,25,15,328.2306460000002,2032.589443,0.263334528
1088,26,15,94.55861250000004,552.1459913,0.43141414299999997
1089,27,15,6.173456200000032,629.2257382,0.418956551
1090,28,15,-6160.898781,4160.241069,0.315017846
1091,29,15,73.59436600000004,1041.385048,0.34781349899999997
1092,30,15,-163.17774570000017,720.5004005,0.42560660200000006
1093,31,15,-649.9130005999998,841.4670424000001,0.430818869
1094,32,15,-7889.6802720000005,3697.0341280000002,0.40804865100000004
1095,33,15,-1737.318219,1026.200923,0.448135734
1096,34,15,-319.90274270000003,305.464229,0.5091186529999999
1097,35,15,-181.78060819999996,687.0060973,0.425539179
1098,36,15,-21.796234000000027,273.5842961,0.50212026
1099,37,15,-21.470829200000026,216.8208281,0.523502125
1100,38,15,-81.17778650000002,736.4324292,0.41122653200000003
1101,39,15,-188.54310469999996,495.58688600000005,0.46942131
1102,40,15,23.190868399999943,486.8738255,0.445728509
1103,41,15,-973.4382839999998,1006.687034,0.435773144
1104,42,15,-56.12093329999993,768.2934635,0.414159124
1105,43,15,220.09604299999978,1500.222842,0.32617693600000003
1106,44,15,98.64250900000002,974.2461006000001,0.365656965
1107,45,15,-6.167449800000043,288.0917725,0.49773634
1108,46,15,82.27923909999993,596.6479555,0.44037719799999997
1109,47,15,-8.927792399999959,205.90346830000001,0.5199447979999999
1110,48,15,-18.237351199999978,301.5511736,0.499718444
1111,49,15,71.89184440000008,882.1870953,0.387068012
1112,50,15,4.626325699999995,301.4253853,0.497494153
1113,51,15,7.169057500000008,346.3447408,0.48599537299999995
1114,52,15,-25.80220170000004,209.1125291,0.527602215
1115,53,15,96.41254980000002,571.5132005,0.439263526
1116,54,15,23.60538209999993,290.30311939999996,0.5012103760000001
1117,55,15,-15.610063199999956,211.50063500000002,0.5297397629999999
1118,56,15,-1570.1429600000001,1785.5381670000002,0.7152780259999999
1119,57,15,-73.93452079999997,280.73210730000005,0.506576672
1120,58,15,-120.77861519999999,459.7129652,0.45898437
1121,59,15,-82.58023850000001,302.6842602,0.498351128
1122,60,15,-292.8073095,441.41943200000003,0.495498481
1123,61,15,-61.91575569999998,620.2217623,0.428818611
1124,62,15,-53.86372970000005,252.62631859999996,0.510412263
1125,63,15,-59.794838099999936,393.14845760000003,0.47430003299999995
1126,64,15,-58.97537399999999,269.32910760000004,0.524264167
1127,65,15,-75.80505929999998,368.9328485,0.48958235299999997
1128,66,15,45.28806580000003,805.2652941,0.405383513
1129,67,15,61.22196880000013,659.1931277000001,0.413005733
1130,68,15,94.80560850000006,747.3149191000001,0.39671101
1131,69,15,131.31770340000003,951.4711106000001,0.369457805
1132,70,15,-61.368666500000074,451.188388,0.471319599
1133,71,15,180.32000720000008,1068.457927,0.358913983
1134,72,15,-56.48590819999998,283.9641776,0.510553342
1135,73,15,16.372215999999923,515.1234766,0.451136253
1136,74,15,-37.5898665,222.4757183,0.527202287
1137,75,15,6.259525100000019,402.9595866,0.48245258799999996
1138,76,15,-7055.989502,5097.751778,1.0573095
1139,77,15,-740.2078260000001,1197.6292119999998,0.49932870799999995
1140,2,16,-265.9938992,902.4856218,0.442595444
1141,3,16,-1195.177677,1659.548669,0.48758742299999996
1142,4,16,-677.2535923000002,743.6124807,0.544775232
1143,5,16,-900.0484855,720.3579915,0.533729321
1144,6,16,-4538.268128,4205.400663,0.427101523
1145,7,16,-3641.9897439999995,2858.752579,0.35969528
1146,8,16,-13432.680267,7793.3091030000005,0.354144079
1147,9,16,-60.78572479999994,230.29533560000002,0.5578766820000001
1148,10,16,-152.70420719999993,383.0449506,0.548386378
1149,11,16,-122.01717760000002,368.32955519999996,0.541513615
1150,12,16,-86.65151229999998,253.9524126,0.556340767
1151,13,16,-106.24654049999998,315.4616231,0.537776933
1152,14,16,-255.8375388999999,689.0810695,0.497201446
1153,15,16,-246.45765530000006,733.3272961,0.49699649100000004
1154,16,16,-528.9174382,847.9717638000001,0.494531569
1155,17,16,-101.30990050000003,394.27284269999996,0.53169671
1156,18,16,-32.133155699999975,262.2418047,0.540451741
1157,19,16,-176.96222699999987,878.348875,0.434603038
1158,20,16,-86.01333070000004,371.5865701,0.517927448
1159,21,16,-591.3604260000001,819.348764,0.49868695399999996
1160,22,16,-2452.0660740000003,1997.437218,0.44645082700000005
1161,23,16,-93.18983000000003,1082.79288,0.400555657
1162,24,16,-4062.190059,3330.798977,0.366464549
1163,25,16,337.3130390000001,2137.713413,0.276384306
1164,26,16,97.32987459999993,580.7025593999999,0.452793255
1165,27,16,3.60718339999994,661.7688118,0.439718316
1166,28,16,-6527.336326999999,4375.4055530000005,0.330628835
1167,29,16,72.918455,1095.244686,0.36504970600000003
1168,30,16,-175.70977670000002,757.7641298,0.44669791600000003
1169,31,16,-690.4330732000001,884.9870738,0.45216848200000004
1170,32,16,-8351.390366,3888.241904,0.428269865
1171,33,16,-1839.96975,1079.275249,0.4703435
1172,34,16,-339.3441470000001,321.26260510000003,0.534348481
1173,35,16,-195.2057979,722.5375269,0.446627152
1174,36,16,-24.291522500000042,287.7338665,0.527003276
1175,37,16,-23.684890799999977,228.03463530000002,0.549444739
1176,38,16,-89.16286020000007,774.5201507999999,0.431605229
1177,39,16,-201.4628398000001,521.2182604,0.49268390100000004
1178,40,16,22.24281469999994,512.0545671,0.46781698200000005
1179,41,16,-1032.9543760000001,1058.752117,0.45736827
1180,42,16,-62.841598100000056,808.0290133999999,0.43468314799999996
1181,43,16,225.5505549999998,1577.813219,0.342340925
1182,44,16,99.68901679999999,1024.6333630000001,0.38377742200000003
1183,45,16,-7.849236399999995,302.99165849999997,0.522402108
1184,46,16,84.15244840000003,627.5061311000001,0.462200482
1185,47,16,-10.38448489999999,216.5526381,0.545711126
1186,48,16,-20.66161850000003,317.14716949999996,0.524482436
1187,49,16,71.85729290000017,927.8131367000001,0.40624951200000003
1188,50,16,3.4910221000000092,317.0148755,0.522147919
1189,51,16,5.969002000000046,364.2574257,0.5100793060000001
1190,52,16,-28.224638900000002,219.9276691,0.553748013
1191,53,16,99.19858640000007,601.0714259,0.461031621
1192,54,16,23.59106980000007,305.3173745,0.5260483020000001
1193,55,16,-17.469227700000033,222.43928599999998,0.555991489
1194,56,16,-1666.8908110000002,1877.884834,0.750724265
1195,57,16,-79.40093489999998,295.251357,0.53168053
1196,58,16,-129.71363930000012,483.4889679,0.48172975
1197,59,16,-88.63551130000002,318.3388585,0.523047362
1198,60,16,-311.35152400000015,464.2493072,0.520053349
1199,61,16,-68.27719339999987,652.2991572000001,0.450069099
1200,62,16,-58.06897630000003,265.6919585,0.535706197
1201,63,16,-64.98510999999996,413.48179500000003,0.49780439299999996
1202,64,16,-63.546020699999985,283.258603,0.550244544
1203,65,16,-81.78536589999993,388.01377310000004,0.513844043
1204,66,16,44.11062650000008,846.9129988,0.425472654
1205,67,16,61.618922,693.2860918,0.4334726
1206,68,16,96.6868978,785.9654747999999,0.416370378
1207,69,16,134.3109552000002,1000.680468,0.387766615
1208,70,16,-66.91642650000011,474.5235062,0.49467626200000003
1209,71,16,185.5327620999999,1123.717753,0.376700285
1210,72,16,-60.98405200000002,298.6505875,0.535854267
1211,73,16,14.909093999999982,541.7652686,0.47349271200000004
1212,74,16,-40.73843450000004,233.98199219999998,0.5533282660000001
1213,75,16,4.746015000000057,423.80034800000004,0.506360956
1214,76,16,-7477.207831999999,5361.403598,1.109705413
1215,77,16,-787.4655670000002,1259.5696779999998,0.524073386
1216,2,17,-304.5672699999998,1019.489808,0.46983788
1217,3,17,-1360.116242,1874.7035,0.517599185
1218,4,17,-770.0284073000001,840.0193057,0.578306992
1219,5,17,-1022.4060327000001,813.7499512999999,0.566581188
1220,6,17,-5157.230664,4750.616532999999,0.453390284
1221,7,17,-4136.905498,3229.3801129999997,0.38183508200000005
1222,8,17,-15248.445010000003,8803.68508,0.37594219700000003
1223,9,17,-69.68479409999998,260.1523414,0.592214857
1224,10,17,-174.37621669999993,432.7054236000001,0.58214041
1225,11,17,-139.5518684,416.08222739999997,0.574844618
1226,12,17,-99.07725890000006,286.8764778,0.590584404
1227,13,17,-121.49647560000005,356.360148,0.570877937
1228,14,17,-292.31199720000006,778.4180828,0.527804966
1229,15,17,-281.8380310000001,828.4006820000001,0.527587395
1230,16,17,-602.3071136,957.9084144,0.524970754
1231,17,17,-116.1782826999999,445.38897360000004,0.564423467
1232,18,17,-37.32904150000002,296.24056139999993,0.573717383
1233,19,17,-203.59700040000007,992.2238146,0.461353529
1234,20,17,-98.76567389999991,419.7615031,0.549806685
1235,21,17,-672.9639489,925.5745401,0.529381909
1236,22,17,-2785.535594,2256.3981489999996,0.473930568
1237,23,17,-109.38599299999987,1223.1732880000002,0.425210479
1238,24,17,-4614.705062000001,3762.625718,0.38902101
1239,25,17,374.745453,2414.860675,0.293396188
1240,26,17,108.25718199999994,655.988668,0.48066338200000003
1241,27,17,1.7721278999999868,747.5648838999999,0.46678366
1242,28,17,-7411.728741999999,4942.661978,0.35097955299999994
1243,29,17,78.79526399999986,1237.2394279999999,0.387519082
1244,30,17,-201.75590209999996,856.0056678999999,0.474192865
1245,31,17,-785.4573018000001,999.7226332,0.480000153
1246,32,17,-9476.942559000001,4392.339221,0.454630539
1247,33,17,-2088.729142,1219.199608,0.499293871
1248,34,17,-385.65022899999997,362.9132075,0.567238459
1249,35,17,-223.72447910000005,816.2120559,0.474117745
1250,36,17,-28.532520999999974,325.03758210000007,0.559441145
1251,37,17,-27.636248999999964,257.59854900000005,0.583263915
1252,38,17,-103.74429489999989,874.9340499,0.45817120000000006
1253,39,17,-230.11025989999985,588.7924324,0.523009359
1254,40,17,23.41281210000011,578.4406974,0.496611843
1255,41,17,-1174.19166,1196.015722,0.485519996
1256,42,17,-74.03571810000005,912.7872223999999,0.46143857
1257,43,17,250.0612460000002,1782.3713280000002,0.36341254
1258,44,17,109.37724899999989,1157.473588,0.40739951700000004
1259,45,17,-9.954404200000113,342.27349489999995,0.554556767
1260,46,17,93.16149150000001,708.8601633999999,0.49064963799999994
1261,47,17,-12.524784399999987,244.62795,0.579300492
1262,48,17,-24.52222069999999,358.26421969999996,0.556765143
1263,49,17,78.17860750000023,1048.1009490000001,0.43125479899999997
1264,50,17,2.8466932000000043,358.1147742,0.554286933
1265,51,17,5.489316700000018,411.4821602,0.541475478
1266,52,17,-32.75207929999999,248.44054219999998,0.587832061
1267,53,17,110.3034394,678.9982887,0.489408832
1268,54,17,25.663894000000028,344.9007321,0.558427391
1269,55,17,-20.573423200000008,251.2777816,0.590213627
1270,56,17,-1895.3996570000004,2121.3462059999997,0.7969325079999999
1271,57,17,-91.00579410000006,333.5296897,0.5644062910000001
1272,58,17,-148.67598689999988,546.1716656000001,0.511380962
1273,59,17,-101.55068729999999,359.61040710000003,0.555241738
1274,60,17,-354.4307883,524.4376484000001,0.552063439
1275,61,17,-79.65018430000009,736.8675208999999,0.47777155
1276,62,17,-66.73016580000001,300.1380158,0.568679744
1277,63,17,-75.08422350000006,467.0883012,0.528445026
1278,64,17,-72.99791349999998,319.9821159,0.584112949
1279,65,17,-94.03224929999999,438.318437,0.54547194
1280,66,17,47.02064889999997,956.7123841,0.451661155
1281,67,17,67.39758710000001,783.1682718999999,0.460153511
1282,68,17,106.81044110000016,887.8632212000001,0.44199862
1283,69,17,148.69274029999985,1130.415282,0.411634251
1284,70,17,-77.48625270000002,536.0438623,0.5251243520000001
1285,71,17,206.30401899999993,1269.403932,0.39988677100000003
1286,72,17,-70.14868270000005,337.3696189,0.568836928
1287,73,17,14.998692000000005,612.0032901000001,0.502636922
1288,74,17,-46.981199999999944,264.3169604,0.587386478
1289,75,17,3.8951715000000036,478.74461950000006,0.5375282579999999
1290,76,17,-8491.520899,6056.491311,1.178009502
1291,77,17,-896.7197710000003,1422.868596,0.5563309160000001
1292,2,18,-387.61198070000023,937.4149912999999,0.45381313
1293,3,18,-1513.4102599999997,1723.7790420000001,0.499945441
1294,4,18,-838.8341995000001,772.3929005,0.558582689
1295,5,18,-1089.2626182,748.2383808,0.5472568170000001
1296,6,18,-5546.940395999998,4368.1644670000005,0.43792651200000005
1297,7,18,-4402.285175,2969.396364,0.36881184200000006
1298,8,18,-15974.811099999999,8094.9375900000005,0.363119945
1299,9,18,-90.87017130000004,239.2085755,0.572016199
1300,10,18,-209.65619969999995,397.8701381,0.562285361
1301,11,18,-173.45590190000013,382.58520519999996,0.555238406
1302,12,18,-122.45518969999995,263.7812647,0.570441355
1303,13,18,-150.5355636,327.6710981,0.551407017
1304,14,18,-355.7634762,715.7509318,0.509803134
1305,15,18,-349.34233889999996,761.7096431,0.509592984
1306,16,18,-680.5671568999998,880.7912551000001,0.507065588
1307,17,18,-152.4460246999999,409.53258910000005,0.5451726889999999
1308,18,18,-61.42246290000003,272.39148539999997,0.554149618
1309,19,18,-284.3527065999999,912.3440674000001,0.445618155
1310,20,18,-132.93872900000008,385.9682779,0.5310544420000001
1311,21,18,-748.6490016,851.0604444,0.511326292
1312,22,18,-2970.881978,2074.7450670000003,0.45776622899999997
1313,23,18,-208.83462799999984,1124.700775,0.410707835
1314,24,18,-4923.754699000001,3459.712618,0.375752679
1315,25,18,178.84080399999993,2220.450445,0.283389331
1316,26,18,55.04508329999999,603.1777919,0.464269407
1317,27,18,-58.95746819999988,687.3815936000001,0.45086308
1318,28,18,-7818.691374999999,4544.749145000001,0.339008701
1319,29,18,-21.658234999999877,1137.634509,0.374301977
1320,30,18,-271.4441297999999,787.0922682,0.45801958
1321,31,18,-867.2484221000001,919.2391879,0.463628799
1322,32,18,-9840.710712,4038.7305479999995,0.439124466
1323,33,18,-2189.304865,1121.046999,0.48226446700000003
1324,34,18,-415.41517329999994,333.6965985,0.54789167
1325,35,18,-290.1960342000001,750.5022717999999,0.45794702299999995
1326,36,18,-54.9589196,298.87017960000003,0.5403602989999999
1327,37,18,-48.58335910000005,236.86037819999996,0.563370546
1328,38,18,-174.89843699999994,804.4968062,0.442544366
1329,39,18,-278.111311,541.3912412999999,0.505171091
1330,40,18,-23.561571800000024,531.8728808000001,0.479673914
1331,41,18,-1272.2140489999997,1099.72955,0.46896037700000004
1332,42,18,-148.24322530000006,839.3025797,0.445700295
1333,43,18,105.44761799999992,1638.8801429999999,0.35101763700000005
1334,44,18,15.42619300000024,1064.2902800000002,0.39350435100000003
1335,45,18,-37.767410100000006,314.7185019,0.535642513
1336,46,18,35.643145000000004,651.7928266,0.47391506200000005
1337,47,18,-32.407115799999985,224.9339873,0.559542303
1338,48,18,-53.64495699999998,329.421881,0.5377755679999999
1339,49,18,-6.9100559000000885,963.7227700999999,0.416546002
1340,50,18,-26.243854099999965,329.2844668,0.535381882
1341,51,18,-27.93477009999998,378.35547,0.523007387
1342,52,18,-52.958956099999966,228.4396438,0.567782887
1343,53,18,55.2235773000001,624.3350052000001,0.472716576
1344,54,18,-2.3364531000000284,317.1342314,0.539381121
1345,55,18,-41.001871299999976,231.0484691,0.570083225
1346,56,18,-2069.122612,1950.565585,0.7697515490000001
1347,57,18,-118.16783960000004,306.6786236,0.545156099
1348,58,18,-193.1549477000001,502.20169239999996,0.49393930399999997
1349,59,18,-130.83921019999997,330.6596925,0.536304121
1350,60,18,-397.2948335,482.2173891,0.533234224
1351,61,18,-139.57038820000002,677.54543,0.461476207
1352,62,18,-91.16174659999996,275.97517220000003,0.5492837979999999
1353,63,18,-113.08467979999995,429.4849955,0.5104213639999999
1354,64,18,-99.04618619999997,294.2217077,0.564190623
1355,65,18,-129.70937070000002,403.0312715,0.5268675420000001
1356,66,18,-30.666587599999843,879.6915122000001,0.436256359
1357,67,18,3.8237043000000313,720.1187032,0.444459066
1358,68,18,34.76019000000008,816.3851045,0.426923383
1359,69,18,56.968654000000015,1039.410324,0.39759465200000005
1360,70,18,-121.09030050000013,492.8892357,0.5072139489999999
1361,71,18,103.33093300000019,1167.209585,0.386247843
1362,72,18,-97.60739940000002,310.2094162,0.549435621
1363,73,18,-34.708423100000005,562.7334909,0.48549349700000005
1364,74,18,-68.4882729,243.0379187,0.567352501
1365,75,18,-34.994370300000014,440.20291289999994,0.519194794
1366,76,18,-8989.760085999998,5568.908784,1.13783116
1367,77,18,-1012.9680480000002,1308.319457,0.53735615
1368,2,19,-418.18108529999995,814.7424817000001,0.44263663799999997
1369,3,19,-1513.969434,1498.200933,0.487632805
1370,4,19,-827.9141537000002,671.3156012999999,0.544825937
1371,5,19,-1059.4532184999998,650.3220035,0.533778998
1372,6,19,-5429.364724999999,3796.535357,0.427141275
1373,7,19,-4278.458008,2580.8136050000003,0.359728758
1374,8,19,-15361.032797999997,7035.613472,0.354177041
1375,9,19,-99.22964570000002,207.905133,0.557928606
1376,10,19,-219.49298420000008,345.80384,0.548437419
1377,11,19,-184.8712298999999,332.5191323,0.541564016
1378,12,19,-130.1267533,229.2621776,0.5563925479999999
1379,13,19,-160.17501,284.7912249,0.537826987
1380,14,19,-374.9468656,622.0859447,0.497247723
1381,15,19,-371.79172189999986,662.0303821,0.497042748
1382,16,19,-687.2987973999998,765.5286716,0.49457759700000004
1383,17,19,-166.97503619999992,355.9401131,0.531746198
1384,18,19,-73.86470109999999,236.74564300000003,0.5405020429999999
1385,19,19,-320.5612734,792.9524026,0.434643489
1386,20,19,-147.37798750000002,335.4594876,0.517975654
1387,21,19,-748.8241896000001,739.6885103999999,0.498733369
1388,22,19,-2891.6638839999996,1803.238652,0.446492381
1389,23,19,-263.32100089999994,977.5195711000001,0.400592939
1390,24,19,-4793.761738000001,3006.965827,0.366498657
1391,25,19,30.18050100000005,1929.876653,0.27641003
1392,26,19,14.212731099999871,524.2444121999999,0.45283539799999994
1393,27,19,-97.03150369999992,597.4290902,0.43975924200000005
1394,28,19,-7554.038775000002,3950.0117149999996,0.330659608
1395,29,19,-89.94885770000019,988.7607642999999,0.365083683
1396,30,19,-300.8655371000001,684.0913724,0.446739492
1397,31,19,-863.3625938999999,798.9452100999999,0.452210567
1398,32,19,-9404.461122,3510.2119979999998,0.428309726
1399,33,19,-2105.9034180999997,974.3439379,0.470387276
1400,34,19,-407.0123582999999,290.028213,0.534398215
1401,35,19,-316.0691178999998,652.2896360000001,0.446668721
1402,36,19,-69.47496220000005,259.7592679,0.527052327
1403,37,19,-59.73814819999998,205.8642268,0.549495878
1404,38,19,-212.09859459999996,699.2183083,0.43164540100000004
1405,39,19,-291.9950404,470.5434067,0.49272975700000005
1406,40,19,-54.55523339999996,462.2706431,0.467860524
1407,41,19,-1251.2522579,955.8161441,0.45741083899999996
1408,42,19,-189.4316045999999,729.4693097,0.43472360600000004
1409,43,19,-2.430607000000009,1424.41212,0.342372788
1410,44,19,-50.942378899999994,925.0145476,0.38381314200000005
1411,45,19,-54.45077020000002,273.5336384,0.52245073
1412,46,19,-6.8231945,566.4975598,0.462243501
1413,47,19,-43.95461770000003,195.49855369999997,0.545761918
1414,48,19,-70.12674049999998,286.3128959,0.5245312520000001
1415,49,19,-65.55600889999982,837.6075576000001,0.406287323
1416,50,19,-44.62187369999998,286.1934641,0.522196518
1417,51,19,-49.20585510000001,328.842911,0.5101267820000001
1418,52,19,-63.29296630000002,198.5454511,0.5537995520000001
1419,53,19,13.080781499999944,542.6329387999999,0.461074531
1420,54,19,-21.630849600000033,275.6332394,0.526097264
1421,55,19,-52.327082099999984,200.81287890000002,0.556043237
1422,56,19,-2044.9676890000005,1695.309613,0.7507941379999999
1423,57,19,-128.7692563,266.545879,0.531730016
1424,58,19,-210.53968860000003,436.4823018,0.481774586
1425,59,19,-142.03111779999995,287.38872430000004,0.523096044
1426,60,19,-399.2636146999999,419.1131952,0.5201017529999999
1427,61,19,-171.43750419999992,588.8801121,0.45011098899999996
1428,62,19,-101.7566559,239.8603594,0.5357560579999999
1429,63,19,-131.5738407,373.2814968,0.497850726
1430,64,19,-110.21250409999996,255.7191068,0.550295758
1431,65,19,-145.41995190000006,350.2895744,0.513891869
1432,66,19,-82.50572800000009,764.5728439,0.425512254
1433,67,19,-40.62277310000013,625.8821383999999,0.433512946
1434,68,19,-17.742832500000077,709.5508737,0.416409131
1435,69,19,-10.761125100000072,903.3904456,0.387802706
1436,70,19,-142.9129600000001,428.38849689999995,0.494722303
1437,71,19,24.53775010000004,1014.46557,0.376735346
1438,72,19,-109.85460530000006,269.6146232,0.535904142
1439,73,19,-66.82061929999998,489.0927553,0.47353678200000004
1440,74,19,-78.6384639,211.2333586,0.553379766
1441,75,19,-59.56919990000006,382.5968402,0.506408085
1442,76,19,-8706.540000999998,4840.1472189999995,1.109808699
1443,77,19,-1022.8239969999997,1137.1094460000002,0.524122164
1444,2,20,-439.87847780000004,645.6997692000001,0.41796933
1445,3,20,-1464.8349379999997,1187.354309,0.460457944
1446,4,20,-788.0273922000001,532.0310878,0.514463811
1447,5,20,-990.0486528,515.3932401999999,0.5040324970000001
1448,6,20,-5114.492588,3008.83047,0.40333749399999996
1449,7,20,-3994.181135,2045.3465809999998,0.33968175
1450,8,20,-14144.183183999998,5575.864886,0.33443942
1451,9,20,-105.6604533,164.7689907,0.526836293
1452,10,20,-223.68234770000004,274.0564838,0.517874032
1453,11,20,-192.02953100000008,263.5280863,0.511383671
1454,12,20,-134.74388360000003,181.69487719999998,0.5253858370000001
1455,13,20,-166.086055,225.7027617,0.507854899
1456,14,20,-384.8629348,493.01559689999993,0.469537041
1457,15,20,-385.59881240000004,524.6723653,0.46934349
1458,16,20,-672.504842,606.696837,0.46701571700000005
1459,17,20,-178.33245970000002,282.0896836,0.502112981
1460,18,20,-85.8639748,187.6256737,0.510380879
1461,19,20,-352.0082050999998,628.4306942000001,0.41042162299999996
1462,20,20,-159.27573039999993,265.85837680000003,0.489109843
1463,21,20,-724.4042174,586.2179906,0.470939895
1464,22,20,-2704.7171489999996,1429.102824,0.42161019899999996
1465,23,20,-317.8452203999999,774.7038796,0.378268647
1466,24,20,-4485.390548000001,2383.08077,0.346074375
1467,25,20,-143.19960300000002,1529.465982,0.261006218
1468,26,20,-33.604145399999936,415.47421860000003,0.427599732
1469,27,20,-137.9918384,473.4745448,0.415252286
1470,28,20,-6998.750687000002,3130.463563,0.31223257
1471,29,20,-166.18148810000014,783.6127508999999,0.344738255
1472,30,20,-325.0896655,542.1561427999999,0.421843539
1473,31,20,-830.4671385999999,633.1801144,0.42700972200000004
1474,32,20,-8589.341489,2781.913461,0.404440829
1475,33,20,-1939.9433045,772.1871265,0.44417347700000004
1476,34,20,-383.88485049999997,229.85317990000001,0.504617207
1477,35,20,-335.67865140000004,516.9526284,0.42177671299999997
1478,36,20,-84.02338120000002,205.8644334,0.497680691
1479,37,20,-70.709,163.1515315,0.518873505
1480,38,20,-248.26189360000012,554.1445431,0.407590613
1481,39,20,-298.4932342,372.915094,0.465270853
1482,40,20,-88.70183000000003,366.3587627,0.44178753600000004
1483,41,20,-1185.8006418999998,757.5034781,0.43192019200000004
1484,42,20,-230.96502250000015,578.1190688999999,0.410497276
1485,43,20,-127.44715099999985,1128.875194,0.323292996
1486,44,20,-126.22880859999987,733.0925947000001,0.362423956
1487,45,20,-72.00645940000004,216.78089849999998,0.493335532
1488,46,20,-55.843144499999994,448.9606862,0.436483539
1489,47,20,-55.89986250000004,154.93652759999998,0.515347631
1490,48,20,-86.93321669999997,226.9087165,0.495300111
1491,49,20,-131.40669560000003,663.8208007999999,0.383645694
1492,50,20,-64.4659015,226.81406439999998,0.49309548700000005
1493,51,20,-72.25397279999999,260.6146071,0.481698374
1494,52,20,-73.1951454,157.35125490000001,0.522937344
1495,53,20,-36.21847489999999,430.047495,0.435379714
1496,54,20,-43.29351499999996,218.4448744,0.496778851
1497,55,20,-63.73924969999999,159.14823700000002,0.5250559920000001
1498,56,20,-1949.7140410000002,1343.566894,0.7089537909999999
1499,57,20,-136.8285057,211.24295890000002,0.5020977010000001
1500,58,20,-223.77612959999993,345.9209847,0.454926194
1501,59,20,-150.3390238,227.7613321,0.493944884
1502,60,20,-388.4178914,332.1556191,0.491117459
1503,61,20,-202.75359829999985,466.69930800000003,0.425027149
1504,62,20,-110.69659800000002,190.094149,0.505899379
1505,63,20,-148.68756119999995,295.8330782,0.47010644100000004
1506,64,20,-119.53700779999994,202.6625246,0.519628809
1507,65,20,-158.85631569999998,277.6115183,0.48525364
1508,66,20,-139.90583270000013,605.9393243,0.401799256
1509,67,20,-90.82749669999987,496.0241566000001,0.409354083
1510,68,20,-78.04233829999998,562.3333086,0.393203432
1511,69,20,-88.94727680000005,715.9550598,0.36619119
1512,70,20,-163.5193754,339.5064819,0.46715235899999996
1513,71,20,-67.63832530000002,803.9843255,0.355740593
1514,72,20,-120.44428419999997,213.6750002,0.506039211
1515,73,20,-101.86096250000003,387.615825,0.447147466
1516,74,20,-87.82288809999997,167.40667630000002,0.522540951
1517,75,20,-86.10759510000003,303.2156749,0.47818691399999996
1518,76,20,-8091.823934,3835.9138159999998,1.047961144
1519,77,20,-1000.6201487999999,901.1820582,0.49491382100000003
1520,2,21,-485.7774064,570.7518276000001,0.447483674
1521,3,21,-1531.684047,1049.535209,0.492972565
1522,4,21,-814.4580586,470.2769464,0.550791983
1523,5,21,-1009.5874458000001,455.5702942,0.5396240760000001
1524,6,21,-5246.362669999999,2659.588204,0.431818631
1525,7,21,-4069.9776259999994,1807.938232,0.36366792200000003
1526,8,21,-14263.698163000001,4928.660697,0.358055411
1527,9,21,-117.5491629,145.64385349999998,0.5640381320000001
1528,10,21,-242.1737452999999,242.24608160000002,0.554443012
1529,11,21,-210.42759999999993,232.93974080000004,0.547494343
1530,12,21,-147.36605769999994,160.6051112,0.562485253
1531,13,21,-181.80003729999999,199.5048936,0.543716392
1532,14,21,-418.59728210000003,435.7900783,0.50269277
1533,15,21,-422.14084219999995,463.7723687,0.502485551
1534,16,21,-708.6954324,536.2760606,0.499993405
1535,17,21,-198.7548484,249.34684840000003,0.5375690160000001
1536,18,21,-100.32382710000005,165.84750569999997,0.546420741
1537,19,21,-398.7160965999998,555.4872162,0.439402996
1538,20,21,-178.7583852,234.9995489,0.523647679
1539,21,21,-757.3769953000001,518.1742437,0.504194684
1540,22,21,-2759.979606,1263.223386,0.451381638
1541,23,21,-378.5314365999999,684.7821174,0.40497958
1542,24,21,-4578.206947000001,2106.470793,0.37051195299999995
1543,25,21,-275.96954100000016,1351.937148,0.279436822
1544,26,21,-69.81234969999997,367.2491163,0.457794114
1545,27,21,-176.58693690000007,418.5172037,0.444574769
1546,28,21,-7091.063328,2767.103049,0.334280454
1547,29,21,-231.72175930000003,692.6569142999999,0.369081485
1548,30,21,-364.8123966999998,479.22676160000003,0.451631455
1549,31,21,-864.7961234,559.6853596,0.45716244100000003
1550,32,21,-8607.961276,2459.0100039999998,0.432999876
1551,33,21,-1956.9989819999996,682.55749,0.475538192
1552,34,21,-394.1414381000001,203.1735626,0.540250074
1553,35,21,-372.86701990000006,456.94868039999994,0.45155991
1554,36,21,-100.16145190000003,181.96924819999998,0.532823746
1555,37,21,-83.38851550000001,144.2141368,0.5555130620000001
1556,38,21,-291.11118569999996,489.8236392,0.436372078
1557,39,21,-323.8121650000001,329.6299327,0.498125331
1558,40,21,-119.04900540000006,323.8346107,0.47298377
1559,41,21,-1221.7249937000001,669.5782082999999,0.46241965799999996
1560,42,21,-276.4184086,511.0153835,0.439483991
1561,43,21,-224.8604805,997.8439065,0.346121897
1562,44,21,-188.3260471000001,648.0007555,0.38801603799999995
1563,45,21,-89.44107779999999,191.6186127,0.528171759
1564,46,21,-94.44704550000006,396.8487281,0.467305239
1565,47,21,-68.24194609999998,136.95266830000003,0.5517382129999999
1566,48,21,-104.87295959999994,200.57087030000002,0.530275064
1567,49,21,-187.17847889999996,586.7695071,0.41073632
1568,50,21,-82.99839410000001,200.48720469999998,0.527914763
1569,51,21,-93.59690590000005,230.36443619999997,0.515712859
1570,52,21,-85.29009160000001,139.0871124,0.559863863
1571,53,21,-73.65831130000004,380.130837,0.466123469
1572,54,21,-61.645079099999975,193.0894469,0.5318582239999999
1573,55,21,-76.2477212,140.6755143,0.562132117
1574,56,21,-2017.540138,1187.6158189999999,0.759015613
1575,57,21,-152.0339373,186.7234752,0.537552657
1576,58,21,-248.68348119999996,305.7690953,0.487050197
1577,59,21,-166.6582393,201.3245207,0.52882414
1578,60,21,-407.6901586999999,293.6015091,0.52579706
1579,61,21,-239.01061589999995,412.52838510000004,0.455039872
1580,62,21,-124.71242150000006,168.0294591,0.541622786
1581,63,21,-171.13068789999994,261.49501380000004,0.503302377
1582,64,21,-134.43879509999996,179.1389928,0.556321701
1583,65,21,-179.39990679999994,245.3884746,0.519519175
1584,66,21,-190.28059550000012,535.6064742,0.430171772
1585,67,21,-132.69864950000004,438.4494272,0.43826007299999997
1586,68,21,-126.17790590000004,497.0619147,0.420968966
1587,69,21,-150.51152100000002,632.8524159,0.39204929
1588,70,21,-189.46623770000008,300.0991394,0.500139696
1589,71,21,-137.6349699000001,710.6639107999999,0.380860738
1590,72,21,-136.3053554,188.87322360000002,0.541772491
1591,73,21,-133.75455309999995,342.62431410000005,0.478722185
1592,74,21,-100.42449430000002,147.97537649999998,0.55943948
1593,75,21,-110.8846653,268.0206946,0.511953442
1594,76,21,-8217.893173,3390.6699770000005,1.121961516
1595,77,21,-1054.3321726000001,796.5796664,0.5298614970000001
1596,2,22,-410.5780433,603.4123947,0.443479888
1597,3,22,-1367.6986490000002,1109.5935630000001,0.488561774
1598,4,22,-735.8200492999999,497.1879627,0.545863863
1599,5,22,-924.5266864999999,481.6397405,0.534795879
1600,6,22,-4775.855524,2811.779848,0.427955005
1601,7,22,-3729.8594089999997,1911.3952600000002,0.36041406299999995
1602,8,22,-13208.924072999998,5210.697207,0.35485177
1603,9,22,-98.6179931,153.9781428,0.558991494
1604,10,22,-208.80742770000006,256.1083139,0.549482225
1605,11,22,-179.2467132,246.2694292,0.542595728
1606,12,22,-125.77585579999999,169.7955399,0.557452509
1607,13,22,-155.0312229,210.9213143,0.538851579
1608,14,22,-359.2597300999999,460.72762630000005,0.49819500899999997
1609,15,22,-359.93272009999987,490.3111686000001,0.497989645
1610,16,22,-627.8816945,566.9637945000001,0.49551979700000004
1611,17,22,-166.4444668,263.6154133,0.532759206
1612,18,22,-80.11661300000003,175.337924,0.541531732
1613,19,22,-328.51015700000005,587.2742847999999,0.43547151100000003
1614,20,22,-148.65178519999995,248.44710730000003,0.5189624279999999
1615,21,22,-676.3678854,547.8261236000001,0.499683486
1616,22,22,-2525.707904,1335.509781,0.447342975
1617,23,22,-296.53367520000006,723.9679267999999,0.40135609200000005
1618,24,22,-4188.5231029999995,2227.010977,0.367196859
1619,25,22,-133.06257400000004,1429.300078,0.27693660800000003
1620,26,22,-31.199667100000056,388.26449249999996,0.45369807700000003
1621,27,22,-128.67726509999994,442.4663328,0.44059701
1622,28,22,-6535.802168999999,2925.4470969999998,0.331289535
1623,29,22,-154.8672760999998,732.2933492000001,0.365779189
1624,30,22,-303.40588149999996,506.64992010000003,0.44759055799999997
1625,31,22,-775.4152472000001,591.7126618,0.453072055
1626,32,22,-8021.660520999999,2599.723809,0.429125682
1627,33,22,-1811.6646122000002,721.6159978,0.471283393
1628,34,22,-358.4655242,214.7999184,0.535416276
1629,35,22,-313.30801620000005,483.09700319999996,0.44751965200000005
1630,36,22,-78.38912259999998,192.38221330000002,0.528056393
1631,37,22,-65.97212619999996,152.4666123,0.550542701
1632,38,22,-231.6390328000001,517.8531908,0.43246771100000003
1633,39,22,-278.6401094000001,348.4925977,0.493668437
1634,40,22,-82.68624819999997,342.36564560000005,0.46875182600000004
1635,41,22,-1107.2600982000001,707.8939928,0.458282234
1636,42,22,-215.47191789999988,540.2576065000001,0.435551781
1637,43,22,-118.53062899999986,1054.944289,0.343025029
1638,44,22,-117.5721698000001,685.0817969,0.38454432899999996
1639,45,22,-67.15969740000003,202.5837507,0.52344603
1640,46,22,-51.956938100000116,419.55790549999995,0.46312410299999995
1641,47,22,-52.143294999999995,144.7896153,0.546801627
1642,48,22,-81.09752420000004,212.04829019999997,0.525530516
1643,49,22,-122.44002820000003,620.3466661,0.407061325
1644,50,22,-60.11184570000003,211.9598369,0.523191333
1645,51,22,-67.37100429999998,243.54675600000002,0.511098604
1646,52,22,-68.2969554,147.0462003,0.5548545739999999
1647,53,22,-33.63498529999998,401.8833538,0.461952906
1648,54,22,-40.33945620000003,204.13875149999998,0.52709951
1649,55,22,-59.463808099999966,148.72549650000002,0.557102533
1650,56,22,-1820.531827,1255.575665,0.7522244459999999
1651,57,22,-127.70960480000005,197.408495,0.5327429929999999
1652,58,22,-208.86242510000005,323.2663534,0.482692396
1653,59,22,-140.32168660000002,212.84506729999998,0.524092574
1654,60,22,-362.6532287,310.4024922,0.521092578
1655,61,22,-189.17142289999998,436.1348115,0.45096847799999995
1656,62,22,-103.31054389999997,177.64473700000002,0.536776705
1657,63,22,-138.74824900000004,276.45874239999995,0.498799162
1658,64,22,-111.5622768,189.39,0.551344105
1659,65,22,-148.25469699999996,259.4305264,0.514870863
1660,66,22,-130.40495180000016,566.2558918999999,0.42632288100000004
1661,67,22,-84.61291849999998,463.5391531,0.43433881399999996
1662,68,22,-72.64078970000003,525.5056677,0.417202415
1663,69,22,-82.75692050000009,669.0666123999999,0.388541494
1664,70,22,-152.58217639999998,317.27194130000004,0.495664779
1665,71,22,-62.81324209999991,751.3307737000001,0.377453049
1666,72,22,-112.4047277,199.6812601,0.536925071
1667,73,22,-94.96796669999992,362.2305665,0.474438898
1668,74,22,-81.95551900000001,156.4430843,0.554433988
1669,75,22,-80.2917324,283.3578472,0.507372823
1670,76,22,-7556.4733400000005,3584.69687,1.111922951
1671,77,22,-934.2260447999998,842.1629522,0.525120648
1672,2,23,-304.7662123,571.7999930999999,0.446124941
1673,3,23,-1090.0867759999999,1051.462643,0.49147571
1674,4,23,-594.7601426000001,471.14059339999994,0.549119566
1675,5,23,-759.1843811,456.4069329,0.5379855689999999
1676,6,23,-3894.8248590000003,2664.472444,0.430507463
1677,7,23,-3065.4475,1811.258446,0.362563685
1678,8,23,-10985.532361999998,4937.7120079999995,0.35696821700000003
1679,9,23,-72.45092939999998,145.9113233,0.562325494
1680,10,23,-159.2156204,242.690958,0.552759509
1681,11,23,-134.47920689999998,233.3675264,0.5458319389999999
1682,12,23,-94.613099,160.90005680000002,0.560777331
1683,13,23,-116.48439520000002,199.8712773,0.542065459
1684,14,23,-272.2656082000001,436.59039129999996,0.501166401
1685,15,23,-270.38785020000006,464.62407019999995,0.500959811
1686,16,23,-495.6493964000001,537.2609126,0.49847523299999996
1687,17,23,-121.96990160000001,249.8047651,0.535936749
1688,18,23,-54.68118129999996,166.15207880000003,0.544761597
1689,19,23,-235.1625358,556.5073488,0.438068799
1690,20,23,-107.84970310000003,235.4311172,0.522057683
1691,21,23,-539.1554266999998,519.1258523,0.502663755
1692,22,23,-2072.370803,1265.543251,0.450011069
1693,23,23,-196.15522799999997,686.0396955,0.403749906
1694,24,23,-3435.7094610000004,2110.3392519999998,0.369386936
1695,25,23,3.801376999999775,1354.419933,0.278588344
1696,26,23,5.308591800000045,367.92355630000003,0.456404075
1697,27,23,-74.45177569999998,419.2857957,0.44322486899999997
1698,28,23,-5406.799065,2772.184736,0.33326545
1699,29,23,-72.99644639999997,693.9289542,0.367960811
1700,30,23,-220.1636051999999,480.10684460000004,0.450260128
1701,31,23,-621.1304120000002,560.7132019999999,0.455774319
1702,32,23,-6718.362039,2463.525889,0.43168512200000003
1703,33,23,-1506.1388322999999,683.8109827000001,0.474094274
1704,34,23,-292.0251628,203.5466837,0.538609667
1705,35,23,-230.68188220000002,457.7878505,0.4501888
1706,36,23,-51.77077350000002,182.3034283,0.531205887
1707,37,23,-44.35516279999999,144.4789809,0.55382631
1708,38,23,-157.19175760000002,490.723183,0.435047084
1709,39,23,-211.90329470000017,330.23528639999995,0.49661283
1710,40,23,-43.01608200000004,324.42932149999996,0.471547609
1711,41,23,-898.341778,670.807865,0.46101557299999996
1712,42,23,-141.3530664000001,511.95384519999993,0.43814954799999994
1713,43,23,-14.759639500000048,999.6764115,0.345070938
1714,44,23,-44.68098589999988,649.1907859,0.386837872
1715,45,23,-41.215108300000026,191.9705135,0.526568026
1716,46,23,-10.03378959999992,397.57752680000004,0.46588632
1717,47,23,-33.038783300000006,137.20417700000002,0.5500629229999999
1718,48,23,-52.47709739999999,200.9392116,0.528664944
1719,49,23,-54.271110600000156,587.8470884999999,0.409489166
1720,50,23,-34.342922699999974,200.8553923,0.526311811
1721,51,23,-37.99216389999998,230.7874923,0.514146956
1722,52,23,-46.81555860000003,139.3425409,0.5581639
1723,53,23,4.335583000000042,380.8289339,0.464708138
1724,54,23,-17.900483500000007,193.44404880000002,0.5302432970000001
1725,55,23,-39.039936600000004,140.93385990000002,0.5604252670000001
1726,56,23,-1469.411547,1189.796834,0.756710949
1727,57,23,-93.98906389999999,187.0663863,0.53592044
1728,58,23,-153.67972830000002,306.33062939999996,0.485571325
1729,59,23,-103.60847640000003,201.6942461,0.527218426
1730,60,23,-287.69703660000005,294.14069789999996,0.524200537
1731,61,23,-127.27366799999999,413.2859788,0.453658195
1732,62,23,-74.5398965,168.3380392,0.53997821
1733,63,23,-96.95952220000004,261.9752402,0.501774157
1734,64,23,-80.6968009,179.46797519999998,0.554632494
1735,65,23,-106.5932836,245.8391219,0.517941715
1736,66,23,-65.65360250000003,536.5900965,0.428865604
1737,67,23,-34.607419799999946,439.25462400000004,0.436929347
1738,68,23,-19.106032500000026,497.97475130000004,0.41969074100000003
1739,69,23,-15.915664800000059,634.0146269999999,0.39085887700000005
1740,70,23,-105.52540469999997,300.6502608,0.49862107899999997
1741,71,23,8.164424000000054,711.9690199,0.379704298
1742,72,23,-80.56947340000002,189.22008259999998,0.540127461
1743,73,23,-51.98173730000002,343.2535315,0.4772686
1744,74,23,-57.84175730000001,148.247128,0.557740806
1745,75,23,-45.85192529999989,268.51290510000007,0.5103989529999999
1746,76,23,-6234.331369,3396.8968219999997,1.118554808
1747,77,23,-737.5957532000001,798.0425567999999,0.5282526329999999
